{"type":"FeatureCollection","name":"RAIN//GRID static fallback footprints","generatedAt":"2026-09-26T18:55:35.270Z","attribution":"© OpenStreetMap contributors, ODbL 1.0","sectors":["E-11","F-10","F-7","G-11","H-8"],"features":[{"type":"Feature","id":"osm-way-23515774","properties":{"id":"osm-way-23515774","sector":"F-7","height":6,"source":"OpenStreetMap"},"geometry":{"type":"Polygon","coordinates":[[[73.0548796,33.7201012],[73.0551218,33.7197827],[73.0553958,33.7199269],[73.0551536,33.7202454],[73.0548796,33.7201012]]]}},{"type":"Feature","id":"osm-way-23515776","properties":{"id":"osm-way-23515776","sector":"F-7","height":6,"source":"OpenStreetMap"},"geometry":{"type":"Polygon","coordinates":[[[73.0555387,33.7198673],[73.0556622,33.7197056],[73.0560469,33.7199095],[73.0559237,33.7200708],[73.0555387,33.7198673]]]}},{"type":"Feature","id":"osm-way-23515897","properties":{"id":"osm-way-23515897","sector":"nearby","height":6,"source":"OpenStreetMap"},"geometry":{"type":"Polygon","coordinates":[[[73.052571,33.7193632],[73.0533463,33.7197786],[73.05362,33.7194253],[73.0538248,33.7195351],[73.0539207,33.7194113],[73.0535655,33.719221],[73.0532957,33.7195693],[73.0528151,33.7193117],[73.0529894,33.7190867],[73.0528451,33.7190093],[73.052571,33.7193632]]]}},{"type":"Feature","id":"osm-way-23515948","properties":{"id":"osm-way-23515948","sector":"F-7","height":6,"source":"OpenStreetMap"},"geometry":{"type":"Polygon","coordinates":[[[73.0532478,33.7184496],[73.0534452,33.7182069],[73.0536083,33.7182925],[73.0534023,33.7185424],[73.0532478,33.7184496]]]}},{"type":"Feature","id":"osm-way-23519247","properties":{"id":"osm-way-23519247","sector":"F-7","height":6,"source":"OpenStreetMap"},"geometry":{"type":"Polygon","coordinates":[[[73.0546085,33.7188111],[73.0544004,33.7190922],[73.0543339,33.7191944],[73.0544643,33.7192605],[73.0545866,33.7193243],[73.0546257,33.7192716],[73.0546681,33.7192087],[73.0546112,33.7191832],[73.0545667,33.7191578],[73.0545275,33.7191391],[73.0547389,33.71887],[73.0546576,33.7188338],[73.0546085,33.7188111]]]}},{"type":"Feature","id":"osm-way-245781935","properties":{"id":"osm-way-245781935","sector":"F-7","height":6,"source":"OpenStreetMap"},"geometry":{"type":"Polygon","coordinates":[[[73.0587949,33.7184041],[73.0589114,33.7184635],[73.0590318,33.7182928],[73.0589233,33.7182356],[73.0587949,33.7184041]]]}},{"type":"Feature","id":"osm-way-245781936","properties":{"id":"osm-way-245781936","sector":"F-7","height":6,"source":"OpenStreetMap"},"geometry":{"type":"Polygon","coordinates":[[[73.0589559,33.7184802],[73.0590623,33.7185364],[73.0591892,33.7183701],[73.0590828,33.7183139],[73.0589559,33.7184802]]]}},{"type":"Feature","id":"osm-way-245781937","properties":{"id":"osm-way-245781937","sector":"F-7","height":6,"source":"OpenStreetMap"},"geometry":{"type":"Polygon","coordinates":[[[73.058654,33.7183193],[73.0587009,33.7183459],[73.0587558,33.7183754],[73.0587959,33.718325],[73.0588691,33.7182336],[73.0587776,33.718187],[73.0587146,33.7182669],[73.0586998,33.7182574],[73.058654,33.7183193]]]}},{"type":"Feature","id":"osm-way-439031352","properties":{"id":"osm-way-439031352","sector":"G-11","height":12,"source":"OpenStreetMap"},"geometry":{"type":"Polygon","coordinates":[[[72.9998342,33.6687596],[72.9998878,33.6687861],[72.9999509,33.6688174],[73.0000254,33.6688542],[73.0000639,33.6688733],[73.0002089,33.6686705],[72.9999792,33.6685567],[72.9998342,33.6687596]]]}},{"type":"Feature","id":"osm-way-473044519","properties":{"id":"osm-way-473044519","sector":"nearby","height":6,"source":"OpenStreetMap"},"geometry":{"type":"Polygon","coordinates":[[[72.9848643,33.7003473],[72.9848464,33.7003715],[72.9849802,33.7004398],[72.9849955,33.7004189],[72.9851445,33.700495],[72.9851209,33.700527],[72.9854801,33.7007106],[72.9855162,33.7006617],[72.9861518,33.6998009],[72.9854822,33.699468],[72.9848175,33.7003234],[72.9848643,33.7003473]]]}},{"type":"Feature","id":"osm-way-473046763","properties":{"id":"osm-way-473046763","sector":"E-11","height":12,"source":"OpenStreetMap"},"geometry":{"type":"Polygon","coordinates":[[[72.9861079,33.6997543],[72.9862618,33.6995566],[72.9856965,33.6992518],[72.9855425,33.6994494],[72.9861079,33.6997543]]]}},{"type":"Feature","id":"osm-way-473046766","properties":{"id":"osm-way-473046766","sector":"E-11","height":6,"source":"OpenStreetMap"},"geometry":{"type":"Polygon","coordinates":[[[72.9857497,33.6992131],[72.9858902,33.6990312],[72.9863331,33.6992679],[72.9861926,33.6994498],[72.9857497,33.6992131]]]}},{"type":"Feature","id":"osm-way-473046768","properties":{"id":"osm-way-473046768","sector":"E-11","height":6,"source":"OpenStreetMap"},"geometry":{"type":"Polygon","coordinates":[[[72.985882,33.6990115],[72.9860283,33.6988245],[72.9865822,33.6991244],[72.986436,33.6993114],[72.985882,33.6990115]]]}},{"type":"Feature","id":"osm-way-473046770","properties":{"id":"osm-way-473046770","sector":"E-11","height":6,"source":"OpenStreetMap"},"geometry":{"type":"Polygon","coordinates":[[[72.9860444,33.6988179],[72.9861957,33.6986256],[72.9867514,33.6989281],[72.9866001,33.6991204],[72.9860444,33.6988179]]]}},{"type":"Feature","id":"osm-way-496314214","properties":{"id":"osm-way-496314214","sector":"G-11","height":6,"source":"OpenStreetMap"},"geometry":{"type":"Polygon","coordinates":[[[73.0012586,33.6697785],[73.0011436,33.669752],[73.0011595,33.6697123],[73.0010569,33.6696902],[73.0010693,33.6696534],[73.0010286,33.6696431],[73.0010409,33.6696107],[73.001002,33.6696018],[73.0010887,33.6693382],[73.0011383,33.6693485],[73.0011507,33.6693205],[73.0011949,33.6693323],[73.0012108,33.6692955],[73.0012975,33.6693205],[73.0013082,33.6692925],[73.0014108,33.6693161],[73.0013316,33.6695568],[73.0012586,33.6697785]]]}},{"type":"Feature","id":"osm-way-496319662","properties":{"id":"osm-way-496319662","sector":"G-11","height":6,"source":"OpenStreetMap"},"geometry":{"type":"Polygon","coordinates":[[[73.0021927,33.6662433],[73.0005584,33.6653839],[73.0011749,33.6645451],[73.0020952,33.6632928],[73.0037701,33.6641725],[73.0021927,33.6662433]]]}},{"type":"Feature","id":"osm-way-496319663","properties":{"id":"osm-way-496319663","sector":"nearby","height":6,"source":"OpenStreetMap"},"geometry":{"type":"Polygon","coordinates":[[[73.0034368,33.6649778],[73.0039327,33.6643079],[73.0055427,33.66512],[73.0050304,33.6658034],[73.0034368,33.6649778]]]}},{"type":"Feature","id":"osm-way-545564959","properties":{"id":"osm-way-545564959","sector":"F-7","height":6,"source":"OpenStreetMap"},"geometry":{"type":"Polygon","coordinates":[[[73.0540339,33.7150979],[73.0535674,33.7148834],[73.0535,33.7149848],[73.0535743,33.715019],[73.0535912,33.7149935],[73.0540338,33.7151969],[73.0540161,33.7152235],[73.0540814,33.7152535],[73.0541495,33.715151],[73.0541735,33.715162],[73.0542784,33.7150042],[73.0542528,33.7149925],[73.0542642,33.7149753],[73.0541502,33.7149229],[73.0540339,33.7150979]]]}},{"type":"Feature","id":"osm-way-545564960","properties":{"id":"osm-way-545564960","sector":"F-7","height":6,"source":"OpenStreetMap"},"geometry":{"type":"Polygon","coordinates":[[[73.0541477,33.7148535],[73.0541587,33.7148366],[73.0538812,33.7147108],[73.0538277,33.7147925],[73.0541052,33.7149183],[73.0541192,33.7148969],[73.0541468,33.7149094],[73.0541752,33.714866],[73.0541477,33.7148535]]]}},{"type":"Feature","id":"osm-way-545564961","properties":{"id":"osm-way-545564961","sector":"F-7","height":6,"source":"OpenStreetMap"},"geometry":{"type":"Polygon","coordinates":[[[73.0535822,33.7145769],[73.0535267,33.7146616],[73.0537949,33.7147832],[73.0538504,33.7146985],[73.0535822,33.7145769]]]}},{"type":"Feature","id":"osm-way-550464143","properties":{"id":"osm-way-550464143","sector":"F-7","height":6,"source":"OpenStreetMap"},"geometry":{"type":"Polygon","coordinates":[[[73.0542559,33.7200508],[73.0542418,33.7200703],[73.0542257,33.7200926],[73.0542123,33.7201104],[73.0542043,33.7201261],[73.0541962,33.7201372],[73.0541882,33.7201456],[73.0541835,33.7201584],[73.0541775,33.7201718],[73.0541667,33.7201852],[73.0541506,33.7201969],[73.0541399,33.7202036],[73.0541298,33.7202075],[73.0541228,33.7202075],[73.0540869,33.7201894],[73.0540768,33.7201859],[73.054066,33.7201981],[73.0540003,33.720163],[73.0540139,33.7201474],[73.0540055,33.7201471],[73.0540102,33.7201092],[73.0540263,33.7201097],[73.054029,33.7200908],[73.0540038,33.7200819],[73.0539854,33.7200763],[73.0539614,33.7200714],[73.0539571,33.7200909],[73.0539541,33.7201025],[73.0539492,33.7201175],[73.0539448,33.7201231],[73.0539404,33.7201246],[73.0539371,33.7201246],[73.0539305,33.7201214],[73.0538627,33.7200905],[73.0538583,33.7200909],[73.0538528,33.7200899],[73.053762,33.7200413],[73.0537549,33.7200333],[73.0537517,33.7200263],[73.0537521,33.7200204],[73.0537828,33.7199252],[73.0537986,33.7198711],[73.053787,33.7198676],[73.0537836,33.7198648],[73.0537831,33.7198612],[73.0538376,33.719643],[73.0538404,33.7196414],[73.0538449,33.7196407],[73.0539551,33.7196594],[73.0539578,33.7196477],[73.0540661,33.7196692],[73.0540629,33.7196785],[73.0541407,33.7196955],[73.054136,33.7197081],[73.05422,33.7197243],[73.0541945,33.719809],[73.0542385,33.7198305],[73.0542295,33.7198605],[73.0542395,33.7198649],[73.0542426,33.7198695],[73.0542438,33.7198751],[73.0542426,33.7198818],[73.054339,33.7199276],[73.0542559,33.7200508]]]}},{"type":"Feature","id":"osm-way-550467940","properties":{"id":"osm-way-550467940","sector":"nearby","height":6,"source":"OpenStreetMap"},"geometry":{"type":"Polygon","coordinates":[[[73.0555585,33.7208532],[73.0555156,33.7208509],[73.0554821,33.7208431],[73.0554499,33.7208297],[73.0554123,33.7208108],[73.0553962,33.7207952],[73.0553734,33.7207639],[73.0553252,33.7207539],[73.0552876,33.7207438],[73.0552608,33.7207327],[73.0552384,33.7207206],[73.0552152,33.7206992],[73.0552071,33.7206819],[73.0552045,33.7206658],[73.0552051,33.720658],[73.0551802,33.7206533],[73.0551577,33.7206533],[73.0551408,33.7206505],[73.0551277,33.7206473],[73.0551163,33.7206423],[73.0551123,33.7206362],[73.0551113,33.7206289],[73.0551123,33.7206225],[73.0551146,33.7206161],[73.0551183,33.7206105],[73.055125,33.7206066],[73.055132,33.7206061],[73.0551401,33.7206061],[73.0551485,33.7206069],[73.0551584,33.7205743],[73.0551671,33.7205617],[73.0551807,33.7205471],[73.0551974,33.7205345],[73.0552118,33.7205226],[73.055215,33.720508],[73.0552214,33.7204881],[73.0552309,33.7204722],[73.0552373,33.7204642],[73.0552501,33.7204576],[73.0552628,33.7204509],[73.0552663,33.7204277],[73.0552697,33.7204146],[73.0552787,33.7204005],[73.0552945,33.7203911],[73.0553126,33.7203771],[73.0554404,33.720209],[73.0558749,33.720441],[73.0555585,33.7208532]]]}},{"type":"Feature","id":"osm-way-551210543","properties":{"id":"osm-way-551210543","sector":"nearby","height":6,"source":"OpenStreetMap"},"geometry":{"type":"Polygon","coordinates":[[[72.9853376,33.6985195],[72.9855118,33.6986067],[72.9854421,33.6987032],[72.9852678,33.698616],[72.9853376,33.6985195]]]}},{"type":"Feature","id":"osm-way-551210544","properties":{"id":"osm-way-551210544","sector":"E-11","height":6,"source":"OpenStreetMap"},"geometry":{"type":"Polygon","coordinates":[[[72.9855196,33.6982922],[72.9856695,33.6983659],[72.9856074,33.6984533],[72.9854575,33.6983796],[72.9855196,33.6982922]]]}},{"type":"Feature","id":"osm-way-551210545","properties":{"id":"osm-way-551210545","sector":"E-11","height":6,"source":"OpenStreetMap"},"geometry":{"type":"Polygon","coordinates":[[[72.9856445,33.6981138],[72.9857944,33.6981875],[72.9857323,33.6982749],[72.9855824,33.6982012],[72.9856445,33.6981138]]]}},{"type":"Feature","id":"osm-way-551210546","properties":{"id":"osm-way-551210546","sector":"E-11","height":6,"source":"OpenStreetMap"},"geometry":{"type":"Polygon","coordinates":[[[72.9857317,33.6979954],[72.9858817,33.6980691],[72.9858196,33.6981566],[72.9856696,33.6980829],[72.9857317,33.6979954]]]}},{"type":"Feature","id":"osm-way-551210547","properties":{"id":"osm-way-551210547","sector":"E-11","height":6,"source":"OpenStreetMap"},"geometry":{"type":"Polygon","coordinates":[[[72.9858209,33.6978771],[72.9859708,33.6979509],[72.9859087,33.6980383],[72.9857588,33.6979646],[72.9858209,33.6978771]]]}},{"type":"Feature","id":"osm-way-551210548","properties":{"id":"osm-way-551210548","sector":"nearby","height":6,"source":"OpenStreetMap"},"geometry":{"type":"Polygon","coordinates":[[[72.9853561,33.6977797],[72.9855272,33.6978685],[72.9854609,33.697957],[72.9852898,33.6978682],[72.9853561,33.6977797]]]}},{"type":"Feature","id":"osm-way-551215639","properties":{"id":"osm-way-551215639","sector":"E-11","height":6,"source":"OpenStreetMap"},"geometry":{"type":"Polygon","coordinates":[[[72.9860042,33.697629],[72.9861541,33.6977027],[72.986092,33.6977901],[72.9859421,33.6977164],[72.9860042,33.697629]]]}},{"type":"Feature","id":"osm-way-551215640","properties":{"id":"osm-way-551215640","sector":"E-11","height":6,"source":"OpenStreetMap"},"geometry":{"type":"Polygon","coordinates":[[[72.9860914,33.6975106],[72.9862414,33.6975843],[72.9861793,33.6976718],[72.9860293,33.6975981],[72.9860914,33.6975106]]]}},{"type":"Feature","id":"osm-way-551215641","properties":{"id":"osm-way-551215641","sector":"E-11","height":6,"source":"OpenStreetMap"},"geometry":{"type":"Polygon","coordinates":[[[72.9861806,33.6973923],[72.9863305,33.6974661],[72.9862684,33.6975535],[72.9861185,33.6974798],[72.9861806,33.6973923]]]}},{"type":"Feature","id":"osm-way-551215642","properties":{"id":"osm-way-551215642","sector":"E-11","height":6,"source":"OpenStreetMap"},"geometry":{"type":"Polygon","coordinates":[[[72.9857681,33.6975148],[72.985918,33.6975885],[72.9858559,33.6976759],[72.985706,33.6976022],[72.9857681,33.6975148]]]}},{"type":"Feature","id":"osm-way-551215643","properties":{"id":"osm-way-551215643","sector":"E-11","height":6,"source":"OpenStreetMap"},"geometry":{"type":"Polygon","coordinates":[[[72.9859445,33.6972781],[72.9860944,33.6973519],[72.9860323,33.6974393],[72.9858824,33.6973656],[72.9859445,33.6972781]]]}},{"type":"Feature","id":"osm-way-551215644","properties":{"id":"osm-way-551215644","sector":"E-11","height":6,"source":"OpenStreetMap"},"geometry":{"type":"Polygon","coordinates":[[[72.9860246,33.6971673],[72.9861745,33.697241],[72.9861124,33.6973284],[72.9859625,33.6972547],[72.9860246,33.6971673]]]}},{"type":"Feature","id":"osm-way-551215645","properties":{"id":"osm-way-551215645","sector":"E-11","height":6,"source":"OpenStreetMap"},"geometry":{"type":"Polygon","coordinates":[[[72.9862606,33.6972814],[72.9864105,33.6973551],[72.9863484,33.6974425],[72.9861985,33.6973688],[72.9862606,33.6972814]]]}},{"type":"Feature","id":"osm-way-551215646","properties":{"id":"osm-way-551215646","sector":"E-11","height":6,"source":"OpenStreetMap"},"geometry":{"type":"Polygon","coordinates":[[[72.9863478,33.697163],[72.9864978,33.6972367],[72.9864357,33.6973242],[72.9862857,33.6972505],[72.9863478,33.697163]]]}},{"type":"Feature","id":"osm-way-551215648","properties":{"id":"osm-way-551215648","sector":"E-11","height":6,"source":"OpenStreetMap"},"geometry":{"type":"Polygon","coordinates":[[[72.9858326,33.6986242],[72.9859825,33.6986979],[72.9859204,33.6987853],[72.9857705,33.6987116],[72.9858326,33.6986242]]]}},{"type":"Feature","id":"osm-way-551215649","properties":{"id":"osm-way-551215649","sector":"E-11","height":6,"source":"OpenStreetMap"},"geometry":{"type":"Polygon","coordinates":[[[72.9861124,33.6982269],[72.9862623,33.6983007],[72.9862002,33.6983881],[72.9860503,33.6983144],[72.9861124,33.6982269]]]}},{"type":"Feature","id":"osm-way-551215650","properties":{"id":"osm-way-551215650","sector":"E-11","height":6,"source":"OpenStreetMap"},"geometry":{"type":"Polygon","coordinates":[[[72.9869852,33.6975573],[72.9870011,33.6975327],[72.9870386,33.6975321],[72.9870841,33.697548],[72.987159,33.6975818],[72.9871558,33.6976329],[72.987104,33.6976515],[72.9870402,33.6976375],[72.987037,33.6976508],[72.9869071,33.6976256],[72.9869397,33.6975646],[72.9869852,33.6975573]]]}},{"type":"Feature","id":"osm-way-551215651","properties":{"id":"osm-way-551215651","sector":"E-11","height":6,"source":"OpenStreetMap"},"geometry":{"type":"Polygon","coordinates":[[[72.9871482,33.697508],[72.9871356,33.6975],[72.987127,33.697489],[72.9871233,33.6974762],[72.9871251,33.6974631],[72.9871321,33.6974513],[72.9871434,33.6974421],[72.9871578,33.6974367],[72.9871735,33.6974356],[72.9871875,33.6974385],[72.9871997,33.6974448],[72.987209,33.6974539],[72.9872144,33.697465],[72.9872155,33.6974769],[72.9872121,33.6974886],[72.9872046,33.6974988],[72.9871937,33.6975066],[72.987179,33.6975114],[72.9871632,33.6975119],[72.9871482,33.697508]]]}},{"type":"Feature","id":"osm-way-551216200","properties":{"id":"osm-way-551216200","sector":"E-11","height":6,"source":"OpenStreetMap"},"geometry":{"type":"Polygon","coordinates":[[[72.9869123,33.6972874],[72.9870622,33.6973612],[72.9870312,33.6974049],[72.9870001,33.6974486],[72.9868502,33.6973749],[72.9869123,33.6972874]]]}},{"type":"Feature","id":"osm-way-551216202","properties":{"id":"osm-way-551216202","sector":"E-11","height":6,"source":"OpenStreetMap"},"geometry":{"type":"Polygon","coordinates":[[[72.9869982,33.6971756],[72.9871481,33.6972493],[72.987086,33.6973367],[72.9869361,33.697263],[72.9869982,33.6971756]]]}},{"type":"Feature","id":"osm-way-551216203","properties":{"id":"osm-way-551216203","sector":"E-11","height":6,"source":"OpenStreetMap"},"geometry":{"type":"Polygon","coordinates":[[[72.9870795,33.6970581],[72.9872295,33.6971318],[72.9871674,33.6972193],[72.9870174,33.6971456],[72.9870795,33.6970581]]]}},{"type":"Feature","id":"osm-way-551216205","properties":{"id":"osm-way-551216205","sector":"E-11","height":6,"source":"OpenStreetMap"},"geometry":{"type":"Polygon","coordinates":[[[72.9862306,33.6980659],[72.9863805,33.6981397],[72.9863184,33.6982271],[72.9861685,33.6981534],[72.9862306,33.6980659]]]}},{"type":"Feature","id":"osm-way-551216207","properties":{"id":"osm-way-551216207","sector":"E-11","height":6,"source":"OpenStreetMap"},"geometry":{"type":"Polygon","coordinates":[[[72.9863135,33.6979517],[72.9864634,33.6980255],[72.9864013,33.6981129],[72.9862514,33.6980392],[72.9863135,33.6979517]]]}},{"type":"Feature","id":"osm-way-551216208","properties":{"id":"osm-way-551216208","sector":"E-11","height":6,"source":"OpenStreetMap"},"geometry":{"type":"Polygon","coordinates":[[[72.9863901,33.6978416],[72.9865176,33.6979048],[72.9864779,33.6980028],[72.986328,33.6979291],[72.9863901,33.6978416]]]}},{"type":"Feature","id":"osm-way-551216210","properties":{"id":"osm-way-551216210","sector":"E-11","height":6,"source":"OpenStreetMap"},"geometry":{"type":"Polygon","coordinates":[[[72.9865384,33.6976399],[72.9865634,33.697642],[72.9865495,33.6977602],[72.9865289,33.6978661],[72.9864093,33.697811],[72.9865384,33.6976399]]]}},{"type":"Feature","id":"osm-way-556229154","properties":{"id":"osm-way-556229154","sector":"nearby","height":6,"source":"OpenStreetMap"},"geometry":{"type":"Polygon","coordinates":[[[73.0095154,33.6954434],[73.009639,33.6955064],[73.0097639,33.695337],[73.0096403,33.695274],[73.0095154,33.6954434]]]}},{"type":"Feature","id":"osm-way-556229155","properties":{"id":"osm-way-556229155","sector":"nearby","height":6,"source":"OpenStreetMap"},"geometry":{"type":"Polygon","coordinates":[[[73.009353,33.695359],[73.0094766,33.695422],[73.0096015,33.6952526],[73.0094779,33.6951896],[73.009353,33.695359]]]}},{"type":"Feature","id":"osm-way-556229156","properties":{"id":"osm-way-556229156","sector":"F-10","height":6,"source":"OpenStreetMap"},"geometry":{"type":"Polygon","coordinates":[[[73.0091821,33.695273],[73.0093057,33.695336],[73.0094306,33.6951666],[73.009307,33.6951036],[73.0091821,33.695273]]]}},{"type":"Feature","id":"osm-way-556229157","properties":{"id":"osm-way-556229157","sector":"F-10","height":6,"source":"OpenStreetMap"},"geometry":{"type":"Polygon","coordinates":[[[73.0090152,33.6951848],[73.0091388,33.6952478],[73.0092637,33.6950784],[73.0091401,33.6950154],[73.0090152,33.6951848]]]}},{"type":"Feature","id":"osm-way-556229158","properties":{"id":"osm-way-556229158","sector":"F-10","height":6,"source":"OpenStreetMap"},"geometry":{"type":"Polygon","coordinates":[[[73.0088483,33.6951003],[73.0089719,33.6951633],[73.0090968,33.6949939],[73.0089732,33.6949309],[73.0088483,33.6951003]]]}},{"type":"Feature","id":"osm-way-556229159","properties":{"id":"osm-way-556229159","sector":"F-10","height":6,"source":"OpenStreetMap"},"geometry":{"type":"Polygon","coordinates":[[[73.0086814,33.6950121],[73.008805,33.6950751],[73.0089299,33.6949057],[73.0088063,33.6948427],[73.0086814,33.6950121]]]}},{"type":"Feature","id":"osm-way-556229160","properties":{"id":"osm-way-556229160","sector":"F-10","height":6,"source":"OpenStreetMap"},"geometry":{"type":"Polygon","coordinates":[[[73.0085168,33.6949258],[73.0086404,33.6949888],[73.0087653,33.6948194],[73.0086417,33.6947564],[73.0085168,33.6949258]]]}},{"type":"Feature","id":"osm-way-556229162","properties":{"id":"osm-way-556229162","sector":"F-10","height":6,"source":"OpenStreetMap"},"geometry":{"type":"Polygon","coordinates":[[[73.0098744,33.6953036],[73.009998,33.6953666],[73.0101229,33.6951972],[73.0099993,33.6951342],[73.0098744,33.6953036]]]}},{"type":"Feature","id":"osm-way-556229163","properties":{"id":"osm-way-556229163","sector":"F-10","height":6,"source":"OpenStreetMap"},"geometry":{"type":"Polygon","coordinates":[[[73.0096739,33.6952495],[73.0097941,33.6953139],[73.009939,33.6951269],[73.0098189,33.6950625],[73.0096739,33.6952495]]]}},{"type":"Feature","id":"osm-way-556229164","properties":{"id":"osm-way-556229164","sector":"F-10","height":6,"source":"OpenStreetMap"},"geometry":{"type":"Polygon","coordinates":[[[73.0095062,33.6951525],[73.009635,33.6952188],[73.0097737,33.6950323],[73.0096449,33.694966],[73.0095062,33.6951525]]]}},{"type":"Feature","id":"osm-way-556229166","properties":{"id":"osm-way-556229166","sector":"F-10","height":6,"source":"OpenStreetMap"},"geometry":{"type":"Polygon","coordinates":[[[73.009178,33.694952],[73.0092968,33.695015],[73.0094249,33.694847],[73.0093029,33.6947826],[73.009178,33.694952]]]}},{"type":"Feature","id":"osm-way-556229167","properties":{"id":"osm-way-556229167","sector":"F-10","height":6,"source":"OpenStreetMap"},"geometry":{"type":"Polygon","coordinates":[[[73.0090111,33.6948676],[73.0091347,33.6949306],[73.0092596,33.6947612],[73.009136,33.6946982],[73.0090111,33.6948676]]]}},{"type":"Feature","id":"osm-way-556229168","properties":{"id":"osm-way-556229168","sector":"F-10","height":6,"source":"OpenStreetMap"},"geometry":{"type":"Polygon","coordinates":[[[73.0088442,33.6947794],[73.0089678,33.6948424],[73.0090927,33.694673],[73.0089691,33.69461],[73.0088442,33.6947794]]]}},{"type":"Feature","id":"osm-way-556229169","properties":{"id":"osm-way-556229169","sector":"F-10","height":6,"source":"OpenStreetMap"},"geometry":{"type":"Polygon","coordinates":[[[73.0084962,33.6946355],[73.0086198,33.6946985],[73.0087447,33.6945291],[73.0086211,33.6944661],[73.0084962,33.6946355]]]}},{"type":"Feature","id":"osm-way-556229170","properties":{"id":"osm-way-556229170","sector":"F-10","height":6,"source":"OpenStreetMap"},"geometry":{"type":"Polygon","coordinates":[[[73.0086795,33.6946931],[73.0088031,33.6947561],[73.008928,33.6945867],[73.0088044,33.6945237],[73.0086795,33.6946931]]]}},{"type":"Feature","id":"osm-way-556229173","properties":{"id":"osm-way-556229173","sector":"F-10","height":6,"source":"OpenStreetMap"},"geometry":{"type":"Polygon","coordinates":[[[73.0096427,33.6946725],[73.0097663,33.6947355],[73.0098912,33.6945661],[73.0097676,33.6945031],[73.0096427,33.6946725]]]}},{"type":"Feature","id":"osm-way-556229175","properties":{"id":"osm-way-556229175","sector":"F-10","height":6,"source":"OpenStreetMap"},"geometry":{"type":"Polygon","coordinates":[[[73.0094758,33.6945843],[73.0095946,33.6946473],[73.0097227,33.6944792],[73.0096007,33.6944149],[73.0094758,33.6945843]]]}},{"type":"Feature","id":"osm-way-556229176","properties":{"id":"osm-way-556229176","sector":"F-10","height":6,"source":"OpenStreetMap"},"geometry":{"type":"Polygon","coordinates":[[[73.0093089,33.6944998],[73.0094325,33.6945628],[73.0095574,33.6943934],[73.0094338,33.6943304],[73.0093089,33.6944998]]]}},{"type":"Feature","id":"osm-way-556229178","properties":{"id":"osm-way-556229178","sector":"F-10","height":6,"source":"OpenStreetMap"},"geometry":{"type":"Polygon","coordinates":[[[73.009142,33.6944116],[73.0092656,33.6944746],[73.0093905,33.6943052],[73.0092669,33.6942422],[73.009142,33.6944116]]]}},{"type":"Feature","id":"osm-way-556229179","properties":{"id":"osm-way-556229179","sector":"F-10","height":6,"source":"OpenStreetMap"},"geometry":{"type":"Polygon","coordinates":[[[73.0089773,33.6943253],[73.0091009,33.6943883],[73.0092258,33.6942189],[73.0091022,33.6941559],[73.0089773,33.6943253]]]}},{"type":"Feature","id":"osm-way-556229181","properties":{"id":"osm-way-556229181","sector":"F-10","height":6,"source":"OpenStreetMap"},"geometry":{"type":"Polygon","coordinates":[[[73.0088059,33.6942409],[73.0089295,33.6943039],[73.0090544,33.6941345],[73.0089308,33.6940715],[73.0088059,33.6942409]]]}},{"type":"Feature","id":"osm-way-556229182","properties":{"id":"osm-way-556229182","sector":"F-10","height":6,"source":"OpenStreetMap"},"geometry":{"type":"Polygon","coordinates":[[[73.009392,33.694196],[73.0094655,33.6940921],[73.0092596,33.6939912],[73.0091862,33.6940952],[73.009392,33.694196]]]}},{"type":"Feature","id":"osm-way-556229183","properties":{"id":"osm-way-556229183","sector":"F-10","height":6,"source":"OpenStreetMap"},"geometry":{"type":"Polygon","coordinates":[[[73.0093889,33.6939997],[73.0095125,33.6940627],[73.0096374,33.6938933],[73.0095138,33.6938303],[73.0093889,33.6939997]]]}},{"type":"Feature","id":"osm-way-556229184","properties":{"id":"osm-way-556229184","sector":"F-10","height":6,"source":"OpenStreetMap"},"geometry":{"type":"Polygon","coordinates":[[[73.0092242,33.6939134],[73.0093478,33.6939764],[73.0094727,33.693807],[73.0093491,33.693744],[73.0092242,33.6939134]]]}},{"type":"Feature","id":"osm-way-556229185","properties":{"id":"osm-way-556229185","sector":"F-10","height":6,"source":"OpenStreetMap"},"geometry":{"type":"Polygon","coordinates":[[[73.0090618,33.693829],[73.0091854,33.693892],[73.0093103,33.6937226],[73.0091867,33.6936596],[73.0090618,33.693829]]]}},{"type":"Feature","id":"osm-way-556229186","properties":{"id":"osm-way-556229186","sector":"F-10","height":6,"source":"OpenStreetMap"},"geometry":{"type":"Polygon","coordinates":[[[73.0088909,33.693743],[73.0090145,33.693806],[73.0091394,33.6936366],[73.0090158,33.6935736],[73.0088909,33.693743]]]}},{"type":"Feature","id":"osm-way-556229187","properties":{"id":"osm-way-556229187","sector":"F-10","height":6,"source":"OpenStreetMap"},"geometry":{"type":"Polygon","coordinates":[[[73.008724,33.6936548],[73.0088428,33.6937178],[73.0089709,33.6935497],[73.0088489,33.6934854],[73.008724,33.6936548]]]}},{"type":"Feature","id":"osm-way-556229188","properties":{"id":"osm-way-556229188","sector":"F-10","height":6,"source":"OpenStreetMap"},"geometry":{"type":"Polygon","coordinates":[[[73.0085571,33.6935703],[73.0086807,33.6936333],[73.0088056,33.6934639],[73.008682,33.6934009],[73.0085571,33.6935703]]]}},{"type":"Feature","id":"osm-way-556229189","properties":{"id":"osm-way-556229189","sector":"F-10","height":6,"source":"OpenStreetMap"},"geometry":{"type":"Polygon","coordinates":[[[73.0083902,33.6934821],[73.0085138,33.6935451],[73.0086387,33.6933757],[73.0085151,33.6933127],[73.0083902,33.6934821]]]}},{"type":"Feature","id":"osm-way-556229190","properties":{"id":"osm-way-556229190","sector":"F-10","height":6,"source":"OpenStreetMap"},"geometry":{"type":"Polygon","coordinates":[[[73.0082256,33.6933958],[73.0083492,33.6934588],[73.0084741,33.6932894],[73.0083505,33.6932264],[73.0082256,33.6933958]]]}},{"type":"Feature","id":"osm-way-556229191","properties":{"id":"osm-way-556229191","sector":"F-10","height":6,"source":"OpenStreetMap"},"geometry":{"type":"Polygon","coordinates":[[[73.0080542,33.6933114],[73.0081778,33.6933744],[73.0083027,33.693205],[73.0081791,33.693142],[73.0080542,33.6933114]]]}},{"type":"Feature","id":"osm-way-556229192","properties":{"id":"osm-way-556229192","sector":"F-10","height":6,"source":"OpenStreetMap"},"geometry":{"type":"Polygon","coordinates":[[[73.0078836,33.6932215],[73.0080072,33.6932845],[73.0081321,33.6931151],[73.0080085,33.6930521],[73.0078836,33.6932215]]]}},{"type":"Feature","id":"osm-way-556229193","properties":{"id":"osm-way-556229193","sector":"F-10","height":6,"source":"OpenStreetMap"},"geometry":{"type":"Polygon","coordinates":[[[73.0077122,33.6931371],[73.0078358,33.6932001],[73.0079607,33.6930307],[73.0078371,33.6929677],[73.0077122,33.6931371]]]}},{"type":"Feature","id":"osm-way-556231694","properties":{"id":"osm-way-556231694","sector":"F-10","height":6,"source":"OpenStreetMap"},"geometry":{"type":"Polygon","coordinates":[[[73.0084004,33.6940489],[73.008476,33.6939491],[73.00868,33.694054],[73.0086019,33.6941571],[73.0084004,33.6940489]]]}},{"type":"Feature","id":"osm-way-556231695","properties":{"id":"osm-way-556231695","sector":"F-10","height":6,"source":"OpenStreetMap"},"geometry":{"type":"Polygon","coordinates":[[[73.0084852,33.6939369],[73.0085625,33.6938348],[73.0087668,33.6939395],[73.0086893,33.6940417],[73.0084852,33.6939369]]]}},{"type":"Feature","id":"osm-way-556231696","properties":{"id":"osm-way-556231696","sector":"F-10","height":6,"source":"OpenStreetMap"},"geometry":{"type":"Polygon","coordinates":[[[73.008572,33.6938222],[73.0086506,33.6937183],[73.0088545,33.6938238],[73.008777,33.693926],[73.008572,33.6938222]]]}},{"type":"Feature","id":"osm-way-556231697","properties":{"id":"osm-way-556231697","sector":"F-10","height":6,"source":"OpenStreetMap"},"geometry":{"type":"Polygon","coordinates":[[[73.008312,33.6941652],[73.0083901,33.6940626],[73.0085917,33.6941705],[73.0085137,33.6942735],[73.008312,33.6941652]]]}},{"type":"Feature","id":"osm-way-556231698","properties":{"id":"osm-way-556231698","sector":"F-10","height":6,"source":"OpenStreetMap"},"geometry":{"type":"Polygon","coordinates":[[[73.0082253,33.6942814],[73.0083021,33.6941789],[73.0085048,33.6942853],[73.0084658,33.6943367],[73.0084268,33.6943881],[73.0082253,33.6942814]]]}},{"type":"Feature","id":"osm-way-556231699","properties":{"id":"osm-way-556231699","sector":"F-10","height":6,"source":"OpenStreetMap"},"geometry":{"type":"Polygon","coordinates":[[[73.0081354,33.6943991],[73.0082146,33.6942945],[73.0084169,33.6944012],[73.0083387,33.6945044],[73.0081354,33.6943991]]]}},{"type":"Feature","id":"osm-way-556231700","properties":{"id":"osm-way-556231700","sector":"F-10","height":6,"source":"OpenStreetMap"},"geometry":{"type":"Polygon","coordinates":[[[73.0078815,33.6942668],[73.0079607,33.6941622],[73.008163,33.6942689],[73.0080848,33.6943721],[73.0078815,33.6942668]]]}},{"type":"Feature","id":"osm-way-556231701","properties":{"id":"osm-way-556231701","sector":"F-10","height":6,"source":"OpenStreetMap"},"geometry":{"type":"Polygon","coordinates":[[[73.0079714,33.6941491],[73.0080482,33.6940465],[73.0082509,33.694153],[73.0082119,33.6942044],[73.0081729,33.6942558],[73.0079714,33.6941491]]]}},{"type":"Feature","id":"osm-way-556231702","properties":{"id":"osm-way-556231702","sector":"F-10","height":6,"source":"OpenStreetMap"},"geometry":{"type":"Polygon","coordinates":[[[73.0080581,33.6940329],[73.0081362,33.6939303],[73.0083378,33.6940382],[73.0082598,33.6941412],[73.0080581,33.6940329]]]}},{"type":"Feature","id":"osm-way-556231703","properties":{"id":"osm-way-556231703","sector":"F-10","height":6,"source":"OpenStreetMap"},"geometry":{"type":"Polygon","coordinates":[[[73.0081465,33.6939166],[73.0082221,33.6938168],[73.0084261,33.6939217],[73.008348,33.6940248],[73.0081465,33.6939166]]]}},{"type":"Feature","id":"osm-way-556231704","properties":{"id":"osm-way-556231704","sector":"F-10","height":6,"source":"OpenStreetMap"},"geometry":{"type":"Polygon","coordinates":[[[73.0082313,33.6938046],[73.0083086,33.6937025],[73.0085129,33.6938072],[73.0084354,33.6939094],[73.0082313,33.6938046]]]}},{"type":"Feature","id":"osm-way-556231705","properties":{"id":"osm-way-556231705","sector":"F-10","height":6,"source":"OpenStreetMap"},"geometry":{"type":"Polygon","coordinates":[[[73.0083181,33.6936899],[73.0083967,33.693586],[73.0086006,33.6936915],[73.0085231,33.6937937],[73.0083181,33.6936899]]]}},{"type":"Feature","id":"osm-way-556231706","properties":{"id":"osm-way-556231706","sector":"F-10","height":6,"source":"OpenStreetMap"},"geometry":{"type":"Polygon","coordinates":[[[73.0074326,33.6940381],[73.0075118,33.6939335],[73.0077141,33.6940402],[73.007636,33.6941434],[73.0074326,33.6940381]]]}},{"type":"Feature","id":"osm-way-556231707","properties":{"id":"osm-way-556231707","sector":"F-10","height":6,"source":"OpenStreetMap"},"geometry":{"type":"Polygon","coordinates":[[[73.0071788,33.6939058],[73.0072579,33.6938012],[73.0074602,33.6939079],[73.0073821,33.6940111],[73.0071788,33.6939058]]]}},{"type":"Feature","id":"osm-way-556231708","properties":{"id":"osm-way-556231708","sector":"F-10","height":6,"source":"OpenStreetMap"},"geometry":{"type":"Polygon","coordinates":[[[73.0075225,33.6939204],[73.0075993,33.6938178],[73.007802,33.6939243],[73.007763,33.6939757],[73.007724,33.6940271],[73.0075225,33.6939204]]]}},{"type":"Feature","id":"osm-way-556231709","properties":{"id":"osm-way-556231709","sector":"F-10","height":6,"source":"OpenStreetMap"},"geometry":{"type":"Polygon","coordinates":[[[73.0072686,33.6937881],[73.0073454,33.6936855],[73.0075481,33.693792],[73.0075091,33.6938434],[73.0074702,33.6938948],[73.0072686,33.6937881]]]}},{"type":"Feature","id":"osm-way-556231710","properties":{"id":"osm-way-556231710","sector":"F-10","height":6,"source":"OpenStreetMap"},"geometry":{"type":"Polygon","coordinates":[[[73.0076092,33.6938042],[73.0076873,33.6937016],[73.0078889,33.6938095],[73.0078109,33.6939125],[73.0076092,33.6938042]]]}},{"type":"Feature","id":"osm-way-556231711","properties":{"id":"osm-way-556231711","sector":"F-10","height":6,"source":"OpenStreetMap"},"geometry":{"type":"Polygon","coordinates":[[[73.0073553,33.6936719],[73.0074334,33.6935693],[73.007635,33.6936772],[73.007557,33.6937802],[73.0073553,33.6936719]]]}},{"type":"Feature","id":"osm-way-556231712","properties":{"id":"osm-way-556231712","sector":"F-10","height":6,"source":"OpenStreetMap"},"geometry":{"type":"Polygon","coordinates":[[[73.0076977,33.6936879],[73.0077732,33.6935881],[73.0079772,33.693693],[73.0078991,33.6937961],[73.0076977,33.6936879]]]}},{"type":"Feature","id":"osm-way-556231713","properties":{"id":"osm-way-556231713","sector":"F-10","height":6,"source":"OpenStreetMap"},"geometry":{"type":"Polygon","coordinates":[[[73.0074438,33.6935556],[73.0075193,33.6934557],[73.0077233,33.6935607],[73.0076452,33.6936638],[73.0074438,33.6935556]]]}},{"type":"Feature","id":"osm-way-556231714","properties":{"id":"osm-way-556231714","sector":"F-10","height":6,"source":"OpenStreetMap"},"geometry":{"type":"Polygon","coordinates":[[[73.0077824,33.6935759],[73.0078597,33.6934738],[73.008064,33.6935785],[73.0079866,33.6936807],[73.0077824,33.6935759]]]}},{"type":"Feature","id":"osm-way-556231715","properties":{"id":"osm-way-556231715","sector":"F-10","height":6,"source":"OpenStreetMap"},"geometry":{"type":"Polygon","coordinates":[[[73.0076153,33.6933289],[73.007694,33.693225],[73.0078978,33.6933305],[73.0078204,33.6934327],[73.0076153,33.6933289]]]}},{"type":"Feature","id":"osm-way-556231716","properties":{"id":"osm-way-556231716","sector":"F-10","height":6,"source":"OpenStreetMap"},"geometry":{"type":"Polygon","coordinates":[[[73.0075285,33.6934436],[73.0076058,33.6933415],[73.0078101,33.6934462],[73.0077327,33.6935484],[73.0075285,33.6934436]]]}},{"type":"Feature","id":"osm-way-556231717","properties":{"id":"osm-way-556231717","sector":"F-10","height":6,"source":"OpenStreetMap"},"geometry":{"type":"Polygon","coordinates":[[[73.0080511,33.6947311],[73.0081747,33.6947941],[73.0082996,33.6946247],[73.008176,33.6945617],[73.0080511,33.6947311]]]}},{"type":"Feature","id":"osm-way-556231718","properties":{"id":"osm-way-556231718","sector":"F-10","height":6,"source":"OpenStreetMap"},"geometry":{"type":"Polygon","coordinates":[[[73.0079056,33.6946561],[73.0080292,33.6947191],[73.0081541,33.6945497],[73.0080305,33.6944867],[73.0079056,33.6946561]]]}},{"type":"Feature","id":"osm-way-556231719","properties":{"id":"osm-way-556231719","sector":"F-10","height":6,"source":"OpenStreetMap"},"geometry":{"type":"Polygon","coordinates":[[[73.0077603,33.6945808],[73.0078839,33.6946438],[73.0080088,33.6944744],[73.0078852,33.6944114],[73.0077603,33.6945808]]]}},{"type":"Feature","id":"osm-way-556231720","properties":{"id":"osm-way-556231720","sector":"F-10","height":6,"source":"OpenStreetMap"},"geometry":{"type":"Polygon","coordinates":[[[73.0076159,33.6945058],[73.0077395,33.6945688],[73.0078644,33.6943994],[73.0077408,33.6943364],[73.0076159,33.6945058]]]}},{"type":"Feature","id":"osm-way-556231721","properties":{"id":"osm-way-556231721","sector":"F-10","height":6,"source":"OpenStreetMap"},"geometry":{"type":"Polygon","coordinates":[[[73.0072239,33.6943016],[73.0073475,33.6943646],[73.0074724,33.6941952],[73.0073488,33.6941322],[73.0072239,33.6943016]]]}},{"type":"Feature","id":"osm-way-556231722","properties":{"id":"osm-way-556231722","sector":"F-10","height":6,"source":"OpenStreetMap"},"geometry":{"type":"Polygon","coordinates":[[[73.0070786,33.6942263],[73.0072022,33.6942893],[73.0073271,33.6941199],[73.0072035,33.6940569],[73.0070786,33.6942263]]]}},{"type":"Feature","id":"osm-way-556231723","properties":{"id":"osm-way-556231723","sector":"F-10","height":6,"source":"OpenStreetMap"},"geometry":{"type":"Polygon","coordinates":[[[73.0069343,33.6941513],[73.0070579,33.6942143],[73.0071828,33.6940449],[73.0070592,33.6939819],[73.0069343,33.6941513]]]}},{"type":"Feature","id":"osm-way-556231724","properties":{"id":"osm-way-556231724","sector":"F-10","height":6,"source":"OpenStreetMap"},"geometry":{"type":"Polygon","coordinates":[[[73.0073694,33.6943766],[73.007493,33.6944396],[73.0076179,33.6942702],[73.0074943,33.6942072],[73.0073694,33.6943766]]]}},{"type":"Feature","id":"osm-way-556256719","properties":{"id":"osm-way-556256719","sector":"F-10","height":6,"source":"OpenStreetMap"},"geometry":{"type":"Polygon","coordinates":[[[73.0083329,33.6948706],[73.0084568,33.6949339],[73.0086032,33.6947354],[73.0084793,33.6946722],[73.0083329,33.6948706]]]}},{"type":"Feature","id":"osm-way-557633593","properties":{"id":"osm-way-557633593","sector":"E-11","height":6,"source":"OpenStreetMap"},"geometry":{"type":"Polygon","coordinates":[[[72.9855371,33.6974739],[72.9856175,33.69737],[72.9855279,33.697322],[72.9854475,33.697426],[72.9855371,33.6974739]]]}},{"type":"Feature","id":"osm-way-557633594","properties":{"id":"osm-way-557633594","sector":"nearby","height":6,"source":"OpenStreetMap"},"geometry":{"type":"Polygon","coordinates":[[[72.9854291,33.6974169],[72.9855095,33.697313],[72.9854199,33.697265],[72.9853395,33.6973689],[72.9854291,33.6974169]]]}},{"type":"Feature","id":"osm-way-557633595","properties":{"id":"osm-way-557633595","sector":"E-11","height":6,"source":"OpenStreetMap"},"geometry":{"type":"Polygon","coordinates":[[[72.9864504,33.6981609],[72.9866246,33.6982455],[72.986574,33.6983175],[72.9863998,33.6982329],[72.9864504,33.6981609]]]}},{"type":"Feature","id":"osm-way-557633596","properties":{"id":"osm-way-557633596","sector":"E-11","height":6,"source":"OpenStreetMap"},"geometry":{"type":"Polygon","coordinates":[[[72.9866459,33.6982822],[72.9866903,33.6983051],[72.9866985,33.698294],[72.9867645,33.6983279],[72.9868684,33.6981881],[72.986758,33.6981313],[72.9866459,33.6982822]]]}},{"type":"Feature","id":"osm-way-557633597","properties":{"id":"osm-way-557633597","sector":"E-11","height":6,"source":"OpenStreetMap"},"geometry":{"type":"Polygon","coordinates":[[[72.9868831,33.6981957],[72.9869968,33.6982553],[72.9868994,33.6983839],[72.9868625,33.6983646],[72.9868385,33.6983962],[72.9867617,33.698356],[72.9868831,33.6981957]]]}},{"type":"Feature","id":"osm-way-557633598","properties":{"id":"osm-way-557633598","sector":"E-11","height":6,"source":"OpenStreetMap"},"geometry":{"type":"Polygon","coordinates":[[[72.9870719,33.6984122],[72.9871214,33.6983469],[72.9871338,33.6983534],[72.9871482,33.6983343],[72.9871634,33.6983143],[72.9870233,33.6982407],[72.9869441,33.6983451],[72.9870719,33.6984122]]]}},{"type":"Feature","id":"osm-way-557633599","properties":{"id":"osm-way-557633599","sector":"E-11","height":6,"source":"OpenStreetMap"},"geometry":{"type":"Polygon","coordinates":[[[72.9870555,33.698429],[72.9870018,33.6985],[72.9869842,33.6985232],[72.9868573,33.6984568],[72.9869286,33.6983626],[72.9870555,33.698429]]]}},{"type":"Feature","id":"osm-way-557633602","properties":{"id":"osm-way-557633602","sector":"E-11","height":6,"source":"OpenStreetMap"},"geometry":{"type":"Polygon","coordinates":[[[72.9869302,33.6986415],[72.9869228,33.6986518],[72.9869142,33.6986637],[72.9868931,33.6986533],[72.9868205,33.6987542],[72.9866471,33.6986679],[72.9867357,33.6985447],[72.9869302,33.6986415]]]}},{"type":"Feature","id":"osm-way-557633603","properties":{"id":"osm-way-557633603","sector":"E-11","height":6,"source":"OpenStreetMap"},"geometry":{"type":"Polygon","coordinates":[[[72.9866446,33.6986868],[72.9868277,33.6987812],[72.9868326,33.6987895],[72.9868326,33.6988006],[72.9868194,33.6988211],[72.986812,33.6988244],[72.9867996,33.6988249],[72.9868254,33.6988381],[72.9867794,33.6988999],[72.9865674,33.6987906],[72.9866446,33.6986868]]]}},{"type":"Feature","id":"osm-way-557633604","properties":{"id":"osm-way-557633604","sector":"E-11","height":6,"source":"OpenStreetMap"},"geometry":{"type":"Polygon","coordinates":[[[72.9865567,33.6987505],[72.9866674,33.6986025],[72.986651,33.698594],[72.9866694,33.6985693],[72.9866044,33.6985356],[72.9865938,33.6985498],[72.9865285,33.6985582],[72.9864327,33.6986863],[72.9865567,33.6987505]]]}},{"type":"Feature","id":"osm-way-557633605","properties":{"id":"osm-way-557633605","sector":"E-11","height":6,"source":"OpenStreetMap"},"geometry":{"type":"Polygon","coordinates":[[[72.986414,33.6986812],[72.9865677,33.6984776],[72.9865348,33.6984604],[72.986521,33.6984787],[72.9864393,33.698436],[72.9862994,33.6986213],[72.986414,33.6986812]]]}},{"type":"Feature","id":"osm-way-557633606","properties":{"id":"osm-way-557633606","sector":"E-11","height":6,"source":"OpenStreetMap"},"geometry":{"type":"Polygon","coordinates":[[[72.9864342,33.6984148],[72.9863149,33.6985782],[72.9861987,33.6985195],[72.986318,33.6983561],[72.9864342,33.6984148]]]}},{"type":"Feature","id":"osm-way-558043676","properties":{"id":"osm-way-558043676","sector":"G-11","height":6,"source":"OpenStreetMap"},"geometry":{"type":"Polygon","coordinates":[[[73.0014867,33.6698413],[73.0014552,33.6699412],[73.0012193,33.6698898],[73.0011643,33.6698574],[73.0011898,33.6697766],[73.0012904,33.6697985],[73.0014867,33.6698413]]]}},{"type":"Feature","id":"osm-way-558043693","properties":{"id":"osm-way-558043693","sector":"G-11","height":6,"source":"OpenStreetMap"},"geometry":{"type":"Polygon","coordinates":[[[72.9977942,33.6683226],[72.9978303,33.6682058],[72.9976673,33.6681698],[72.997649,33.6681718],[72.9976314,33.6681778],[72.9976163,33.6681878],[72.9976091,33.668199],[72.9975971,33.6682448],[72.9976003,33.6682575],[72.9976067,33.6682707],[72.9976187,33.66828],[72.9976378,33.6682886],[72.9977942,33.6683226]]]}},{"type":"Feature","id":"osm-way-558043695","properties":{"id":"osm-way-558043695","sector":"G-11","height":6,"source":"OpenStreetMap"},"geometry":{"type":"Polygon","coordinates":[[[72.9988315,33.667949],[72.9986798,33.668153],[72.9978542,33.667728],[72.9980059,33.667524],[72.9983999,33.6677268],[72.9988315,33.667949]]]}},{"type":"Feature","id":"osm-way-558043696","properties":{"id":"osm-way-558043696","sector":"G-11","height":6,"source":"OpenStreetMap"},"geometry":{"type":"Polygon","coordinates":[[[72.9992079,33.6694095],[72.9990696,33.6695973],[72.9988427,33.6694839],[72.9981828,33.669145],[72.998321,33.6689572],[72.9992079,33.6694095]]]}},{"type":"Feature","id":"osm-way-558043697","properties":{"id":"osm-way-558043697","sector":"G-11","height":6,"source":"OpenStreetMap"},"geometry":{"type":"Polygon","coordinates":[[[72.9981296,33.6691127],[72.9982711,33.6689265],[72.9972078,33.6683667],[72.9970663,33.6685528],[72.9981296,33.6691127]]]}},{"type":"Feature","id":"osm-way-558043704","properties":{"id":"osm-way-558043704","sector":"G-11","height":9,"source":"OpenStreetMap"},"geometry":{"type":"Polygon","coordinates":[[[72.9971456,33.6681778],[72.9975129,33.6676979],[72.9972918,33.6675807],[72.9969245,33.6680606],[72.9971456,33.6681778]]]}},{"type":"Feature","id":"osm-way-558043705","properties":{"id":"osm-way-558043705","sector":"nearby","height":6,"source":"OpenStreetMap"},"geometry":{"type":"Polygon","coordinates":[[[72.9966864,33.6687422],[72.997063,33.6682673],[72.9968442,33.6681471],[72.9964676,33.668622],[72.9966864,33.6687422]]]}},{"type":"Feature","id":"osm-way-558043706","properties":{"id":"osm-way-558043706","sector":"G-11","height":9,"source":"OpenStreetMap"},"geometry":{"type":"Polygon","coordinates":[[[72.9975928,33.6675999],[72.9979572,33.6671184],[72.9977354,33.6670021],[72.9973709,33.6674835],[72.9975928,33.6675999]]]}},{"type":"Feature","id":"osm-way-558043709","properties":{"id":"osm-way-558043709","sector":"G-11","height":6,"source":"OpenStreetMap"},"geometry":{"type":"Polygon","coordinates":[[[73.0003947,33.6690501],[73.0006279,33.6687595],[73.0007608,33.668594],[73.0005258,33.6684634],[73.0001598,33.6689194],[73.0003947,33.6690501]]]}},{"type":"Feature","id":"osm-way-558043710","properties":{"id":"osm-way-558043710","sector":"G-11","height":9,"source":"OpenStreetMap"},"geometry":{"type":"Polygon","coordinates":[[[72.9995069,33.6702309],[72.9998835,33.669756],[72.9996647,33.6696358],[72.9995697,33.6697556],[72.9992881,33.6701107],[72.9995069,33.6702309]]]}},{"type":"Feature","id":"osm-way-558043711","properties":{"id":"osm-way-558043711","sector":"G-11","height":6,"source":"OpenStreetMap"},"geometry":{"type":"Polygon","coordinates":[[[72.9999382,33.6696478],[73.0003148,33.6691729],[73.000096,33.6690527],[72.9997194,33.6695276],[72.9999382,33.6696478]]]}},{"type":"Feature","id":"osm-way-558043718","properties":{"id":"osm-way-558043718","sector":"G-11","height":6,"source":"OpenStreetMap"},"geometry":{"type":"Polygon","coordinates":[[[73.0007111,33.6692162],[73.0007877,33.6691667],[73.0008347,33.6692172],[73.0009508,33.6692163],[73.0009519,33.6693296],[73.0007875,33.6693308],[73.0007873,33.6693148],[73.0007535,33.6692951],[73.0007636,33.6692726],[73.0007111,33.6692162]]]}},{"type":"Feature","id":"osm-way-558043719","properties":{"id":"osm-way-558043719","sector":"G-11","height":6,"source":"OpenStreetMap"},"geometry":{"type":"Polygon","coordinates":[[[73.0007135,33.669165],[73.0007697,33.6690807],[73.0007013,33.6690491],[73.0006451,33.6691334],[73.0007135,33.669165]]]}},{"type":"Feature","id":"osm-way-558043726","properties":{"id":"osm-way-558043726","sector":"G-11","height":6,"source":"OpenStreetMap"},"geometry":{"type":"Polygon","coordinates":[[[72.9981325,33.6687101],[72.9983855,33.6688452],[72.998752,33.6683696],[72.9984991,33.6682346],[72.9981325,33.6687101]]]}},{"type":"Feature","id":"osm-way-558191041","properties":{"id":"osm-way-558191041","sector":"E-11","height":6,"source":"OpenStreetMap"},"geometry":{"type":"Polygon","coordinates":[[[72.9856427,33.6973365],[72.9857282,33.6972254],[72.9856419,33.6971794],[72.9855565,33.6972905],[72.9856427,33.6973365]]]}},{"type":"Feature","id":"osm-way-558191042","properties":{"id":"osm-way-558191042","sector":"E-11","height":6,"source":"OpenStreetMap"},"geometry":{"type":"Polygon","coordinates":[[[72.9855383,33.6972822],[72.9856238,33.6971712],[72.9855375,33.6971252],[72.985452,33.6972363],[72.9855383,33.6972822]]]}},{"type":"Feature","id":"osm-way-558191043","properties":{"id":"osm-way-558191043","sector":"nearby","height":6,"source":"OpenStreetMap"},"geometry":{"type":"Polygon","coordinates":[[[72.9854342,33.6972281],[72.9855197,33.697117],[72.9854334,33.6970711],[72.9853479,33.6971822],[72.9854342,33.6972281]]]}},{"type":"Feature","id":"osm-way-558587595","properties":{"id":"osm-way-558587595","sector":"F-10","height":6,"source":"OpenStreetMap"},"geometry":{"type":"Polygon","coordinates":[[[73.0094548,33.6948712],[73.009625,33.6949549],[73.0095791,33.6950196],[73.0095606,33.6950105],[73.00952,33.6950677],[73.0095009,33.6950584],[73.0094554,33.6951225],[73.0093644,33.6950778],[73.0093744,33.6950638],[73.009349,33.6950513],[73.0094415,33.6949211],[73.0094251,33.694913],[73.0094548,33.6948712]]]}},{"type":"Feature","id":"osm-way-559200249","properties":{"id":"osm-way-559200249","sector":"H-8","height":6,"source":"OpenStreetMap"},"geometry":{"type":"Polygon","coordinates":[[[73.0509239,33.6669635],[73.050879,33.6671349],[73.0508363,33.6671271],[73.0508457,33.6670912],[73.0507698,33.6670774],[73.0507669,33.6670883],[73.0506423,33.6670655],[73.0506648,33.6669803],[73.0507212,33.6669268],[73.0509239,33.6669635]]]}},{"type":"Feature","id":"osm-way-559200267","properties":{"id":"osm-way-559200267","sector":"H-8","height":6,"source":"OpenStreetMap"},"geometry":{"type":"Polygon","coordinates":[[[73.0502319,33.6670373],[73.050243,33.6670346],[73.0503958,33.6671118],[73.0504015,33.6671167],[73.0504033,33.6671242],[73.0504009,33.6671335],[73.0501746,33.6674166],[73.0501639,33.6674194],[73.0501531,33.6674166],[73.0501062,33.6673904],[73.0501049,33.6673809],[73.0500995,33.6673737],[73.0500901,33.6673692],[73.05008,33.6673681],[73.0500727,33.6673703],[73.0500673,33.6673703],[73.0500143,33.6673457],[73.0500083,33.6673402],[73.0500056,33.6673346],[73.0500056,33.6673279],[73.0502319,33.6670373]]]}},{"type":"Feature","id":"osm-way-559200268","properties":{"id":"osm-way-559200268","sector":"H-8","height":6,"source":"OpenStreetMap"},"geometry":{"type":"Polygon","coordinates":[[[73.0504861,33.6673128],[73.0504029,33.6674255],[73.0503936,33.6674433],[73.0503882,33.6674646],[73.0503869,33.6674768],[73.0503922,33.6674891],[73.0504075,33.6675006],[73.0504953,33.6675472],[73.0505586,33.6674653],[73.0506246,33.6675677],[73.0506184,33.6675705],[73.0506139,33.6675691],[73.0506088,33.6675705],[73.0506049,33.6675747],[73.0506043,33.6675785],[73.0506074,33.6675825],[73.0506111,33.6675841],[73.0506145,33.6675841],[73.0506187,33.667582],[73.050621,33.6675789],[73.0506218,33.6675747],[73.0506276,33.6675718],[73.050657,33.6676314],[73.0506444,33.6676345],[73.0506471,33.6676451],[73.0506337,33.667649],[73.0506506,33.6677185],[73.0508362,33.6676854],[73.050817,33.6676184],[73.0508043,33.6676204],[73.0508027,33.6676098],[73.0507907,33.6676111],[73.0507899,33.6675476],[73.0507968,33.6675472],[73.050797,33.66755],[73.0508006,33.6675521],[73.0508056,33.6675531],[73.0508101,33.6675521],[73.0508124,33.6675498],[73.0508136,33.6675462],[73.0508124,33.6675419],[73.0508094,33.6675397],[73.0508056,33.6675385],[73.0508008,33.6675389],[73.050798,33.6675401],[73.0507963,33.6675433],[73.0507899,33.6675436],[73.0507877,33.6674237],[73.0508882,33.6674813],[73.0509637,33.6673912],[73.0509666,33.6673841],[73.0509666,33.6673738],[73.0509618,33.6673659],[73.0509476,33.6673556],[73.050757,33.6672578],[73.0507391,33.6672587],[73.0507036,33.6672691],[73.0506906,33.6672752],[73.0506822,33.6672845],[73.0506754,33.6672817],[73.0506557,33.6672784],[73.050628,33.6672789],[73.0506117,33.6672841],[73.0505987,33.6672953],[73.050592,33.6672963],[73.0505812,33.6672921],[73.0505465,33.6672934],[73.0505368,33.6672992],[73.0504995,33.6673052],[73.0504861,33.6673128]]]}},{"type":"Feature","id":"osm-way-559200879","properties":{"id":"osm-way-559200879","sector":"H-8","height":6,"source":"OpenStreetMap"},"geometry":{"type":"Polygon","coordinates":[[[73.0490712,33.6669202],[73.0492211,33.6669988],[73.0492604,33.6669468],[73.049296,33.6669655],[73.0493329,33.6669848],[73.0492946,33.6670354],[73.0494532,33.6671186],[73.0492752,33.6673535],[73.0488943,33.6671537],[73.0490712,33.6669202]]]}},{"type":"Feature","id":"osm-way-559200881","properties":{"id":"osm-way-559200881","sector":"H-8","height":6,"source":"OpenStreetMap"},"geometry":{"type":"Polygon","coordinates":[[[73.0495606,33.667057],[73.049807,33.6671814],[73.049816,33.667169],[73.0498699,33.6671962],[73.0498401,33.6672372],[73.0498433,33.6672617],[73.0498584,33.6672757],[73.0498584,33.6672836],[73.0498904,33.6673018],[73.0497313,33.6675126],[73.0496559,33.6674774],[73.0496351,33.6674788],[73.049355,33.6673353],[73.0495606,33.667057]]]}},{"type":"Feature","id":"osm-way-560017184","properties":{"id":"osm-way-560017184","sector":"E-11","height":6,"source":"OpenStreetMap"},"geometry":{"type":"Polygon","coordinates":[[[72.9854566,33.6990568],[72.9856787,33.6991705],[72.9856096,33.6992639],[72.9853875,33.6991502],[72.9854566,33.6990568]]]}},{"type":"Feature","id":"osm-way-560017185","properties":{"id":"osm-way-560017185","sector":"nearby","height":6,"source":"OpenStreetMap"},"geometry":{"type":"Polygon","coordinates":[[[72.9852836,33.6992859],[72.9855057,33.6993996],[72.9854366,33.699493],[72.9852145,33.6993793],[72.9852836,33.6992859]]]}},{"type":"Feature","id":"osm-way-563356443","properties":{"id":"osm-way-563356443","sector":"E-11","height":6,"source":"OpenStreetMap"},"geometry":{"type":"Polygon","coordinates":[[[72.9904483,33.6976071],[72.9906222,33.6973807],[72.9904646,33.6972969],[72.9902907,33.6975232],[72.9904483,33.6976071]]]}},{"type":"Feature","id":"osm-way-563356444","properties":{"id":"osm-way-563356444","sector":"E-11","height":6,"source":"OpenStreetMap"},"geometry":{"type":"Polygon","coordinates":[[[72.990212,33.6975121],[72.990258,33.6975365],[72.9902612,33.6975323],[72.9902718,33.6975379],[72.990315,33.6974814],[72.9903034,33.6974752],[72.990306,33.6974717],[72.9902758,33.6974557],[72.9902722,33.6974604],[72.9902575,33.6974526],[72.990212,33.6975121]]]}},{"type":"Feature","id":"osm-way-563356463","properties":{"id":"osm-way-563356463","sector":"E-11","height":6,"source":"OpenStreetMap"},"geometry":{"type":"Polygon","coordinates":[[[72.9924368,33.7025083],[72.9925042,33.7025088],[72.9925037,33.7025545],[72.9924364,33.7025541],[72.9924368,33.7025083]]]}},{"type":"Feature","id":"osm-way-563539387","properties":{"id":"osm-way-563539387","sector":"E-11","height":6,"source":"OpenStreetMap"},"geometry":{"type":"Polygon","coordinates":[[[72.9879887,33.7033971],[72.9880234,33.703415],[72.9880338,33.7034011],[72.9881413,33.7034567],[72.9881308,33.7034708],[72.9881676,33.7034899],[72.9881255,33.7035463],[72.9880898,33.7035278],[72.9880802,33.7035406],[72.9879722,33.7034848],[72.987982,33.7034716],[72.9879467,33.7034533],[72.9879887,33.7033971]]]}},{"type":"Feature","id":"osm-way-563539388","properties":{"id":"osm-way-563539388","sector":"E-11","height":6,"source":"OpenStreetMap"},"geometry":{"type":"Polygon","coordinates":[[[72.9877721,33.7036857],[72.9878067,33.7037037],[72.9878172,33.7036897],[72.9879247,33.7037454],[72.9879142,33.7037595],[72.987951,33.7037785],[72.9879089,33.7038349],[72.9878732,33.7038165],[72.9878636,33.7038293],[72.9877556,33.7037734],[72.9877654,33.7037602],[72.9877301,33.703742],[72.9877721,33.7036857]]]}},{"type":"Feature","id":"osm-way-563539389","properties":{"id":"osm-way-563539389","sector":"E-11","height":6,"source":"OpenStreetMap"},"geometry":{"type":"Polygon","coordinates":[[[72.9880217,33.7038156],[72.9880563,33.7038335],[72.9880667,33.7038196],[72.9881743,33.7038752],[72.9881637,33.7038893],[72.9882006,33.7039084],[72.9881584,33.7039648],[72.9881227,33.7039463],[72.9881131,33.7039592],[72.9880051,33.7039033],[72.9880149,33.7038901],[72.9879796,33.7038718],[72.9880217,33.7038156]]]}},{"type":"Feature","id":"osm-way-563539390","properties":{"id":"osm-way-563539390","sector":"nearby","height":6,"source":"OpenStreetMap"},"geometry":{"type":"Polygon","coordinates":[[[72.9874814,33.7040658],[72.9875167,33.7040828],[72.9875266,33.7040686],[72.9876362,33.7041215],[72.9876262,33.7041358],[72.9876637,33.7041539],[72.9876237,33.7042114],[72.9875873,33.7041939],[72.9875782,33.7042069],[72.9874682,33.7041539],[72.9874775,33.7041405],[72.9874415,33.7041231],[72.9874814,33.7040658]]]}},{"type":"Feature","id":"osm-way-563539392","properties":{"id":"osm-way-563539392","sector":"E-11","height":6,"source":"OpenStreetMap"},"geometry":{"type":"Polygon","coordinates":[[[72.9876473,33.7038522],[72.9876826,33.7038692],[72.9876924,33.703855],[72.987802,33.7039079],[72.9877921,33.7039222],[72.9878296,33.7039403],[72.9877895,33.7039978],[72.9877532,33.7039802],[72.9877441,33.7039933],[72.987634,33.7039403],[72.9876434,33.7039269],[72.9876074,33.7039095],[72.9876473,33.7038522]]]}},{"type":"Feature","id":"osm-way-563539393","properties":{"id":"osm-way-563539393","sector":"E-11","height":6,"source":"OpenStreetMap"},"geometry":{"type":"Polygon","coordinates":[[[72.9879024,33.703969],[72.9879377,33.703986],[72.9879476,33.7039718],[72.9880572,33.7040246],[72.9880472,33.704039],[72.9880848,33.7040571],[72.9880447,33.7041145],[72.9880083,33.704097],[72.9879992,33.7041101],[72.9878892,33.704057],[72.9878985,33.7040436],[72.9878625,33.7040263],[72.9879024,33.703969]]]}},{"type":"Feature","id":"osm-way-563539410","properties":{"id":"osm-way-563539410","sector":"E-11","height":6,"source":"OpenStreetMap"},"geometry":{"type":"Polygon","coordinates":[[[72.9884205,33.7040043],[72.9884554,33.7040219],[72.9884656,33.7040078],[72.988574,33.7040624],[72.9885637,33.7040766],[72.9886008,33.7040953],[72.9885594,33.7041521],[72.9885235,33.704134],[72.9885141,33.7041469],[72.9884053,33.7040921],[72.9884149,33.7040789],[72.9883793,33.7040609],[72.9884205,33.7040043]]]}},{"type":"Feature","id":"osm-way-608328653","properties":{"id":"osm-way-608328653","sector":"G-11","height":6,"source":"OpenStreetMap"},"geometry":{"type":"Polygon","coordinates":[[[73.0021615,33.6651949],[73.0024619,33.66534],[73.0026309,33.6650899],[73.0023224,33.664956],[73.0021615,33.6651949]]]}},{"type":"Feature","id":"osm-way-742376857","properties":{"id":"osm-way-742376857","sector":"F-7","height":6,"source":"OpenStreetMap"},"geometry":{"type":"Polygon","coordinates":[[[73.0546909,33.7192484],[73.0546137,33.71934],[73.0549075,33.7194958],[73.0551903,33.7191323],[73.0551325,33.7190819],[73.0550563,33.7190651],[73.054947,33.7191842],[73.0548524,33.7193247],[73.0546909,33.7192484]]]}},{"type":"Feature","id":"osm-way-804143794","properties":{"id":"osm-way-804143794","sector":"nearby","height":6,"source":"OpenStreetMap"},"geometry":{"type":"Polygon","coordinates":[[[72.9868403,33.6969163],[72.9875365,33.6972656],[72.9876484,33.6971327],[72.9880379,33.6973324],[72.9880607,33.6973034],[72.988107,33.697295],[72.9880842,33.6972136],[72.9881023,33.6971885],[72.9876095,33.6969279],[72.9875867,33.6969558],[72.9873131,33.6968063],[72.9872313,33.6969028],[72.9871508,33.696861],[72.987242,33.6967399],[72.9870435,33.6966328],[72.9868403,33.6969163]]]}},{"type":"Feature","id":"osm-way-804143795","properties":{"id":"osm-way-804143795","sector":"E-11","height":6,"source":"OpenStreetMap"},"geometry":{"type":"Polygon","coordinates":[[[72.9871501,33.6973628],[72.9872726,33.6974288],[72.9874046,33.6972277],[72.9872937,33.6971724],[72.9871501,33.6973628]]]}},{"type":"Feature","id":"osm-way-923138602","properties":{"id":"osm-way-923138602","sector":"G-11","height":6,"source":"OpenStreetMap"},"geometry":{"type":"Polygon","coordinates":[[[72.9994856,33.6702018],[72.9994731,33.6701901],[72.9994534,33.6701716],[72.9995017,33.6701694],[72.9994856,33.6702018]]]}},{"type":"Feature","id":"osm-way-1065952067","properties":{"id":"osm-way-1065952067","sector":"H-8","height":6,"source":"OpenStreetMap"},"geometry":{"type":"Polygon","coordinates":[[[73.0472048,33.6654456],[73.0472445,33.665292],[73.047192,33.6652813],[73.047185,33.6652901],[73.0471651,33.6652775],[73.0471546,33.6652891],[73.0470858,33.6652775],[73.0470461,33.6653892],[73.0470823,33.6653941],[73.0470799,33.6654125],[73.047143,33.6654222],[73.047143,33.6654388],[73.0472048,33.6654456]]]}},{"type":"Feature","id":"osm-way-1085091952","properties":{"id":"osm-way-1085091952","sector":"G-11","height":6,"source":"OpenStreetMap"},"geometry":{"type":"Polygon","coordinates":[[[73.0011508,33.6700635],[73.0012138,33.6700934],[73.0012512,33.6700387],[73.0011882,33.6700089],[73.0011508,33.6700635]]]}},{"type":"Feature","id":"osm-way-1085905912","properties":{"id":"osm-way-1085905912","sector":"G-11","height":6,"source":"OpenStreetMap"},"geometry":{"type":"Polygon","coordinates":[[[72.9970501,33.6674807],[72.9971028,33.667508],[72.9971584,33.6674368],[72.9971042,33.6674154],[72.9970501,33.6674807]]]}},{"type":"Feature","id":"osm-way-1159723498","properties":{"id":"osm-way-1159723498","sector":"nearby","height":6,"source":"OpenStreetMap"},"geometry":{"type":"Polygon","coordinates":[[[73.0448513,33.6694674],[73.0451989,33.6689886],[73.0454158,33.6690977],[73.0450684,33.6695765],[73.0448513,33.6694674]]]}},{"type":"Feature","id":"osm-way-1159723499","properties":{"id":"osm-way-1159723499","sector":"H-8","height":6,"source":"OpenStreetMap"},"geometry":{"type":"Polygon","coordinates":[[[73.0465857,33.6672295],[73.0468977,33.6668156],[73.047221,33.6669844],[73.046909,33.6673983],[73.0465857,33.6672295]]]}},{"type":"Feature","id":"osm-way-1159723500","properties":{"id":"osm-way-1159723500","sector":"H-8","height":6,"source":"OpenStreetMap"},"geometry":{"type":"Polygon","coordinates":[[[73.0474039,33.6669585],[73.0476217,33.6666623],[73.0481637,33.6669383],[73.0479458,33.6672346],[73.0474039,33.6669585]]]}},{"type":"Feature","id":"osm-way-1159723504","properties":{"id":"osm-way-1159723504","sector":"H-8","height":6,"source":"OpenStreetMap"},"geometry":{"type":"Polygon","coordinates":[[[73.0501433,33.6678222],[73.05031,33.6675981],[73.0506751,33.6677863],[73.0505083,33.6680104],[73.0501433,33.6678222]]]}},{"type":"Feature","id":"osm-way-1159723505","properties":{"id":"osm-way-1159723505","sector":"H-8","height":6,"source":"OpenStreetMap"},"geometry":{"type":"Polygon","coordinates":[[[73.0483911,33.6685612],[73.0482865,33.6684429],[73.0483374,33.6683581],[73.0483079,33.6682777],[73.0483857,33.6682554],[73.0484367,33.6683224],[73.0485332,33.6683938],[73.0485145,33.6684831],[73.0485815,33.6685143],[73.0487237,33.6684474],[73.0488712,33.6684831],[73.0488793,33.6685612],[73.0487317,33.6686751],[73.0485896,33.6686885],[73.0486432,33.6687889],[73.0486298,33.6689407],[73.0485332,33.6689675],[73.0484099,33.668838],[73.0484313,33.6687219],[73.0483696,33.6686818],[73.0482409,33.6687532],[73.0480558,33.6687353],[73.048037,33.6686148],[73.0482167,33.6685344],[73.0483428,33.6685925],[73.0483911,33.6685612]]]}},{"type":"Feature","id":"osm-way-1159723506","properties":{"id":"osm-way-1159723506","sector":"H-8","height":6,"source":"OpenStreetMap"},"geometry":{"type":"Polygon","coordinates":[[[73.0488406,33.6690431],[73.0491738,33.6685775],[73.0496163,33.6687969],[73.049283,33.6692624],[73.0488406,33.6690431]]]}},{"type":"Feature","id":"osm-way-1159723507","properties":{"id":"osm-way-1159723507","sector":"H-8","height":6,"source":"OpenStreetMap"},"geometry":{"type":"Polygon","coordinates":[[[73.0473415,33.6684226],[73.0476321,33.6679953],[73.0479408,33.6681407],[73.0476501,33.668568],[73.0473415,33.6684226]]]}},{"type":"Feature","id":"osm-way-1159723508","properties":{"id":"osm-way-1159723508","sector":"H-8","height":6,"source":"OpenStreetMap"},"geometry":{"type":"Polygon","coordinates":[[[73.0472774,33.6671448],[73.0470305,33.6674668],[73.0475727,33.6677548],[73.0478254,33.6674251],[73.047703,33.6673601],[73.0475694,33.6675341],[73.0474632,33.6674776],[73.0475265,33.6673951],[73.0474232,33.6673402],[73.0473564,33.6674273],[73.0472547,33.6673732],[73.0473857,33.6672024],[73.0472774,33.6671448]]]}},{"type":"Feature","id":"osm-way-1159723509","properties":{"id":"osm-way-1159723509","sector":"H-8","height":6,"source":"OpenStreetMap"},"geometry":{"type":"Polygon","coordinates":[[[73.0460366,33.6675472],[73.0460315,33.6672046],[73.0463801,33.6672011],[73.0463852,33.6675436],[73.0460366,33.6675472]]]}},{"type":"Feature","id":"osm-way-1159723510","properties":{"id":"osm-way-1159723510","sector":"H-8","height":6,"source":"OpenStreetMap"},"geometry":{"type":"Polygon","coordinates":[[[73.0461809,33.667175],[73.0462158,33.6667218],[73.0463392,33.6665253],[73.046476,33.6665767],[73.0464465,33.6666437],[73.046586,33.6666972],[73.0466342,33.6666303],[73.0467388,33.666695],[73.0464814,33.6671482],[73.0462695,33.6671772],[73.0461809,33.667175]]]}},{"type":"Feature","id":"osm-way-1159723511","properties":{"id":"osm-way-1159723511","sector":"nearby","height":6,"source":"OpenStreetMap"},"geometry":{"type":"Polygon","coordinates":[[[73.0446982,33.6669504],[73.0453108,33.6668596],[73.0453452,33.6670205],[73.0447326,33.6671112],[73.0446982,33.6669504]]]}},{"type":"Feature","id":"osm-way-1159723512","properties":{"id":"osm-way-1159723512","sector":"H-8","height":6,"source":"OpenStreetMap"},"geometry":{"type":"Polygon","coordinates":[[[73.0452687,33.6667866],[73.0452431,33.6666511],[73.0455832,33.6666066],[73.0456088,33.666742],[73.0452687,33.6667866]]]}},{"type":"Feature","id":"osm-way-1381694470","properties":{"id":"osm-way-1381694470","sector":"F-10","height":6,"source":"OpenStreetMap"},"geometry":{"type":"Polygon","coordinates":[[[73.010576,33.6928742],[73.0104687,33.6930406],[73.0103323,33.6929798],[73.0103513,33.6929503],[73.0102502,33.6929052],[73.0103385,33.6927683],[73.010576,33.6928742]]]}},{"type":"Feature","id":"osm-way-1381694471","properties":{"id":"osm-way-1381694471","sector":"F-10","height":6,"source":"OpenStreetMap"},"geometry":{"type":"Polygon","coordinates":[[[73.0107,33.6926785],[73.0105856,33.6928347],[73.010349,33.6927147],[73.0104324,33.6926008],[73.0104051,33.6925869],[73.0104361,33.6925446],[73.0107,33.6926785]]]}},{"type":"Feature","id":"osm-way-1381694472","properties":{"id":"osm-way-1381694472","sector":"nearby","height":6,"source":"OpenStreetMap"},"geometry":{"type":"Polygon","coordinates":[[[73.0104925,33.6925415],[73.0106004,33.692376],[73.0107465,33.692442],[73.0107515,33.6924343],[73.0108085,33.69246],[73.0107815,33.6925014],[73.0108385,33.6925271],[73.0107896,33.692602],[73.0107648,33.6925908],[73.0107276,33.6926477],[73.0106416,33.6926088],[73.0105692,33.6925762],[73.0104925,33.6925415]]]}},{"type":"Feature","id":"osm-way-1381694512","properties":{"id":"osm-way-1381694512","sector":"nearby","height":6,"source":"OpenStreetMap"},"geometry":{"type":"Polygon","coordinates":[[[73.010316,33.6895695],[73.0104579,33.6893741],[73.0106465,33.689469],[73.0106146,33.6895129],[73.0105298,33.6896295],[73.0105045,33.6896644],[73.010316,33.6895695]]]}},{"type":"Feature","id":"osm-way-1381694513","properties":{"id":"osm-way-1381694513","sector":"F-10","height":6,"source":"OpenStreetMap"},"geometry":{"type":"Polygon","coordinates":[[[73.0102304,33.6892704],[73.0104127,33.6893606],[73.0103014,33.6895164],[73.010119,33.6894262],[73.0102304,33.6892704]]]}},{"type":"Feature","id":"osm-way-1381694514","properties":{"id":"osm-way-1381694514","sector":"F-10","height":6,"source":"OpenStreetMap"},"geometry":{"type":"Polygon","coordinates":[[[73.0103645,33.6892127],[73.0103497,33.6892349],[73.01028,33.6892027],[73.0104018,33.6890202],[73.0105986,33.6891111],[73.0104917,33.6892715],[73.0103645,33.6892127]]]}},{"type":"Feature","id":"osm-way-1381694515","properties":{"id":"osm-way-1381694515","sector":"F-10","height":6,"source":"OpenStreetMap"},"geometry":{"type":"Polygon","coordinates":[[[73.0102479,33.6891777],[73.0101521,33.689131],[73.0102924,33.6889316],[73.0103883,33.6889783],[73.0102479,33.6891777]]]}},{"type":"Feature","id":"osm-way-1381694516","properties":{"id":"osm-way-1381694516","sector":"F-10","height":6,"source":"OpenStreetMap"},"geometry":{"type":"Polygon","coordinates":[[[73.0098927,33.6893184],[73.0099094,33.6892945],[73.0100139,33.6891449],[73.0100673,33.6891707],[73.0101843,33.6892273],[73.0100759,33.6893824],[73.0099769,33.6893345],[73.0099641,33.6893529],[73.0098927,33.6893184]]]}},{"type":"Feature","id":"osm-way-1381694517","properties":{"id":"osm-way-1381694517","sector":"F-10","height":6,"source":"OpenStreetMap"},"geometry":{"type":"Polygon","coordinates":[[[73.0097766,33.6892903],[73.0096492,33.6892167],[73.0096969,33.6891595],[73.0096644,33.6891407],[73.0097743,33.6890089],[73.0099806,33.6891281],[73.0097978,33.6893472],[73.0097515,33.6893204],[73.0097766,33.6892903]]]}},{"type":"Feature","id":"osm-way-1381694518","properties":{"id":"osm-way-1381694518","sector":"F-10","height":6,"source":"OpenStreetMap"},"geometry":{"type":"Polygon","coordinates":[[[73.0098403,33.6889661],[73.0099493,33.6888189],[73.0099143,33.688801],[73.0099466,33.6887573],[73.0101527,33.6888629],[73.0101175,33.6889104],[73.0100113,33.6890538],[73.0098403,33.6889661]]]}},{"type":"Feature","id":"osm-way-1381694519","properties":{"id":"osm-way-1381694519","sector":"F-10","height":6,"source":"OpenStreetMap"},"geometry":{"type":"Polygon","coordinates":[[[73.009618,33.6888571],[73.0097446,33.6886618],[73.0099358,33.6887475],[73.0098091,33.6889429],[73.009618,33.6888571]]]}},{"type":"Feature","id":"osm-way-1381694919","properties":{"id":"osm-way-1381694919","sector":"nearby","height":6,"source":"OpenStreetMap"},"geometry":{"type":"Polygon","coordinates":[[[73.0037052,33.6887935],[73.0035749,33.689005],[73.0033192,33.6888959],[73.0033079,33.6889142],[73.0032187,33.6888762],[73.0032453,33.6888331],[73.0031518,33.6887932],[73.0032767,33.6885907],[73.0034954,33.688684],[73.0034501,33.6887575],[73.0034798,33.6887702],[73.0035154,33.6887126],[73.0037052,33.6887935]]]}},{"type":"Feature","id":"osm-way-1381694920","properties":{"id":"osm-way-1381694920","sector":"F-10","height":6,"source":"OpenStreetMap"},"geometry":{"type":"Polygon","coordinates":[[[73.0035307,33.689066],[73.0035754,33.6889877],[73.0036047,33.6889993],[73.0036722,33.6888809],[73.0036832,33.6888852],[73.0037102,33.6888379],[73.0039151,33.6889188],[73.0037759,33.6891629],[73.0035307,33.689066]]]}},{"type":"Feature","id":"osm-way-1381694921","properties":{"id":"osm-way-1381694921","sector":"nearby","height":6,"source":"OpenStreetMap"},"geometry":{"type":"Polygon","coordinates":[[[73.0031352,33.6891972],[73.0033089,33.6889782],[73.0035006,33.6890677],[73.0033586,33.6892781],[73.0031352,33.6891972]]]}},{"type":"Feature","id":"osm-way-1381694922","properties":{"id":"osm-way-1381694922","sector":"F-10","height":6,"source":"OpenStreetMap"},"geometry":{"type":"Polygon","coordinates":[[[73.0034048,33.6892857],[73.0035336,33.6890953],[73.0037304,33.6891874],[73.0036015,33.6893779],[73.0034048,33.6892857]]]}},{"type":"Feature","id":"osm-way-1381694923","properties":{"id":"osm-way-1381694923","sector":"F-10","height":6,"source":"OpenStreetMap"},"geometry":{"type":"Polygon","coordinates":[[[73.0038158,33.6891619],[73.0039663,33.6889369],[73.0041677,33.6890303],[73.0040173,33.6892552],[73.0038158,33.6891619]]]}},{"type":"Feature","id":"osm-way-1381694924","properties":{"id":"osm-way-1381694924","sector":"F-10","height":6,"source":"OpenStreetMap"},"geometry":{"type":"Polygon","coordinates":[[[73.0041924,33.6890808],[73.0044228,33.6891865],[73.0042822,33.6893987],[73.0040518,33.689293],[73.0041924,33.6890808]]]}},{"type":"Feature","id":"osm-way-1381694934","properties":{"id":"osm-way-1381694934","sector":"F-10","height":6,"source":"OpenStreetMap"},"geometry":{"type":"Polygon","coordinates":[[[73.003508,33.6883271],[73.0035947,33.6882042],[73.0037662,33.688288],[73.0036795,33.6884109],[73.003508,33.6883271]]]}},{"type":"Feature","id":"osm-way-1381694935","properties":{"id":"osm-way-1381694935","sector":"F-10","height":6,"source":"OpenStreetMap"},"geometry":{"type":"Polygon","coordinates":[[[73.004044,33.6883752],[73.0038995,33.6885665],[73.0038608,33.6885484],[73.0038501,33.6885643],[73.0037176,33.6885023],[73.0037387,33.6884711],[73.0037122,33.6884587],[73.0038389,33.6882649],[73.004044,33.6883752]]]}},{"type":"Feature","id":"osm-way-1381694936","properties":{"id":"osm-way-1381694936","sector":"F-10","height":6,"source":"OpenStreetMap"},"geometry":{"type":"Polygon","coordinates":[[[73.0042379,33.6885161],[73.0041592,33.6886379],[73.0041251,33.6886226],[73.0040725,33.6887039],[73.0039893,33.6886666],[73.0040139,33.6886286],[73.0039399,33.6885954],[73.0040467,33.6884304],[73.0042379,33.6885161]]]}},{"type":"Feature","id":"osm-way-1381694937","properties":{"id":"osm-way-1381694937","sector":"F-10","height":6,"source":"OpenStreetMap"},"geometry":{"type":"Polygon","coordinates":[[[73.0040623,33.6887643],[73.0040942,33.6887166],[73.0041454,33.6887403],[73.0041135,33.688788],[73.0040623,33.6887643]]]}},{"type":"Feature","id":"osm-way-1381694938","properties":{"id":"osm-way-1381694938","sector":"F-10","height":6,"source":"OpenStreetMap"},"geometry":{"type":"Polygon","coordinates":[[[73.0042629,33.6885379],[73.0043575,33.688587],[73.0043418,33.6886079],[73.0043959,33.688636],[73.0044115,33.6886151],[73.0044656,33.6886432],[73.0043223,33.6888343],[73.0041195,33.6887291],[73.0042629,33.6885379]]]}},{"type":"Feature","id":"osm-way-1381694939","properties":{"id":"osm-way-1381694939","sector":"F-10","height":6,"source":"OpenStreetMap"},"geometry":{"type":"Polygon","coordinates":[[[73.0046168,33.688897],[73.0045797,33.6889551],[73.0043943,33.6888731],[73.0044314,33.6888151],[73.0046168,33.688897]]]}},{"type":"Feature","id":"osm-way-1381694940","properties":{"id":"osm-way-1381694940","sector":"F-10","height":6,"source":"OpenStreetMap"},"geometry":{"type":"Polygon","coordinates":[[[73.0047314,33.6887766],[73.0046386,33.6889072],[73.0044359,33.6888074],[73.0045288,33.6886769],[73.0047314,33.6887766]]]}},{"type":"Feature","id":"osm-way-1381695196","properties":{"id":"osm-way-1381695196","sector":"F-10","height":6,"source":"OpenStreetMap"},"geometry":{"type":"Polygon","coordinates":[[[73.0096967,33.6895609],[73.0098894,33.6896638],[73.0098126,33.6897634],[73.0097575,33.689734],[73.0097459,33.6897491],[73.0097338,33.6897648],[73.0095961,33.6896914],[73.009605,33.6896798],[73.009676,33.6895877],[73.0096967,33.6895609]]]}},{"type":"Feature","id":"osm-way-1381695197","properties":{"id":"osm-way-1381695197","sector":"F-10","height":6,"source":"OpenStreetMap"},"geometry":{"type":"Polygon","coordinates":[[[73.0100847,33.6897438],[73.0100817,33.6897679],[73.0100745,33.6898255],[73.0100469,33.6898231],[73.0100164,33.6898697],[73.0100132,33.689895],[73.0099999,33.6899154],[73.009972,33.6899581],[73.0097899,33.6898756],[73.0098886,33.6897247],[73.0098873,33.6897349],[73.0099084,33.6897027],[73.0099466,33.68972],[73.0099789,33.6897346],[73.0100847,33.6897438]]]}},{"type":"Feature","id":"osm-way-1381695198","properties":{"id":"osm-way-1381695198","sector":"F-10","height":6,"source":"OpenStreetMap"},"geometry":{"type":"Polygon","coordinates":[[[73.0100156,33.6899847],[73.0101272,33.6898144],[73.0101892,33.6898425],[73.0102033,33.689821],[73.0103708,33.6898969],[73.010364,33.6899072],[73.0104344,33.6899391],[73.0104152,33.6899684],[73.0104669,33.6899918],[73.0104832,33.6899669],[73.0105482,33.6899964],[73.0104321,33.6901736],[73.0100156,33.6899847]]]}},{"type":"Feature","id":"osm-way-1381695200","properties":{"id":"osm-way-1381695200","sector":"nearby","height":6,"source":"OpenStreetMap"},"geometry":{"type":"Polygon","coordinates":[[[73.0106782,33.6901874],[73.0106104,33.6902981],[73.0104358,33.6902241],[73.0105035,33.6901134],[73.0106782,33.6901874]]]}},{"type":"Feature","id":"osm-way-1381695201","properties":{"id":"osm-way-1381695201","sector":"F-10","height":6,"source":"OpenStreetMap"},"geometry":{"type":"Polygon","coordinates":[[[73.0097123,33.6886364],[73.0096799,33.6886843],[73.0096064,33.6887929],[73.0095845,33.6888253],[73.0093951,33.6887366],[73.0094174,33.6887037],[73.0094995,33.6885825],[73.009523,33.6885477],[73.0097123,33.6886364]]]}},{"type":"Feature","id":"osm-way-1381695202","properties":{"id":"osm-way-1381695202","sector":"F-10","height":6,"source":"OpenStreetMap"},"geometry":{"type":"Polygon","coordinates":[[[73.009562,33.6889024],[73.0096537,33.688946],[73.0096485,33.6889536],[73.0097427,33.6889984],[73.009615,33.6891842],[73.0095632,33.6891596],[73.0095551,33.6891713],[73.009421,33.6891075],[73.009562,33.6889024]]]}},{"type":"Feature","id":"osm-way-1381695204","properties":{"id":"osm-way-1381695204","sector":"F-10","height":6,"source":"OpenStreetMap"},"geometry":{"type":"Polygon","coordinates":[[[73.0101457,33.6885523],[73.0101613,33.6885308],[73.0102487,33.6884101],[73.0102619,33.6883919],[73.0104547,33.6884885],[73.0104466,33.6884997],[73.0103587,33.6886212],[73.0103174,33.6886005],[73.0102972,33.6886283],[73.0101457,33.6885523]]]}},{"type":"Feature","id":"osm-way-1381695205","properties":{"id":"osm-way-1381695205","sector":"nearby","height":6,"source":"OpenStreetMap"},"geometry":{"type":"Polygon","coordinates":[[[73.0103912,33.6883812],[73.0105176,33.688222],[73.0106159,33.688276],[73.0104895,33.6884353],[73.0103912,33.6883812]]]}},{"type":"Feature","id":"osm-way-1381695206","properties":{"id":"osm-way-1381695206","sector":"F-10","height":6,"source":"OpenStreetMap"},"geometry":{"type":"Polygon","coordinates":[[[73.010403,33.688647],[73.0104115,33.6886343],[73.0104965,33.6885078],[73.0105041,33.6884965],[73.0105752,33.6885295],[73.0106942,33.6885849],[73.0105634,33.6887796],[73.0103427,33.688677],[73.0103723,33.6886328],[73.010403,33.688647]]]}},{"type":"Feature","id":"osm-way-1381696036","properties":{"id":"osm-way-1381696036","sector":"nearby","height":6,"source":"OpenStreetMap"},"geometry":{"type":"Polygon","coordinates":[[[73.0041726,33.6881638],[73.0040519,33.6883466],[73.0039715,33.6883099],[73.0039941,33.6882756],[73.003955,33.6882577],[73.0039346,33.6882886],[73.0038563,33.6882528],[73.0039747,33.6880734],[73.0041726,33.6881638]]]}},{"type":"Feature","id":"osm-way-1381696037","properties":{"id":"osm-way-1381696037","sector":"F-10","height":6,"source":"OpenStreetMap"},"geometry":{"type":"Polygon","coordinates":[[[73.0041683,33.6884184],[73.004315,33.6882184],[73.0044264,33.688275],[73.0042797,33.688475],[73.0041683,33.6884184]]]}},{"type":"Feature","id":"osm-way-1381696038","properties":{"id":"osm-way-1381696038","sector":"F-10","height":6,"source":"OpenStreetMap"},"geometry":{"type":"Polygon","coordinates":[[[73.0046473,33.6884011],[73.0045232,33.6885869],[73.0043203,33.6884931],[73.0044444,33.6883073],[73.0046473,33.6884011]]]}},{"type":"Feature","id":"osm-way-1381696039","properties":{"id":"osm-way-1381696039","sector":"F-10","height":6,"source":"OpenStreetMap"},"geometry":{"type":"Polygon","coordinates":[[[73.0045747,33.6886197],[73.0046922,33.6884475],[73.004891,33.6885414],[73.0047735,33.6887136],[73.0045747,33.6886197]]]}},{"type":"Feature","id":"osm-way-1381696040","properties":{"id":"osm-way-1381696040","sector":"F-10","height":6,"source":"OpenStreetMap"},"geometry":{"type":"Polygon","coordinates":[[[73.0047033,33.6889591],[73.0047211,33.6889344],[73.0046744,33.6889112],[73.0047594,33.6887928],[73.0049512,33.6888881],[73.0048484,33.6890312],[73.0047033,33.6889591]]]}},{"type":"Feature","id":"osm-way-1381696041","properties":{"id":"osm-way-1381696041","sector":"F-10","height":6,"source":"OpenStreetMap"},"geometry":{"type":"Polygon","coordinates":[[[73.0049234,33.6885713],[73.0051097,33.6886446],[73.0050029,33.6888325],[73.0048166,33.6887591],[73.0049234,33.6885713]]]}},{"type":"Feature","id":"osm-way-1381696042","properties":{"id":"osm-way-1381696042","sector":"F-10","height":6,"source":"OpenStreetMap"},"geometry":{"type":"Polygon","coordinates":[[[73.0048846,33.6891329],[73.004943,33.689045],[73.0049567,33.6890244],[73.005015,33.6889366],[73.0050945,33.6889731],[73.0050917,33.6889718],[73.0052024,33.6890227],[73.005072,33.689219],[73.0048846,33.6891329]]]}},{"type":"Feature","id":"osm-way-1381696043","properties":{"id":"osm-way-1381696043","sector":"F-10","height":6,"source":"OpenStreetMap"},"geometry":{"type":"Polygon","coordinates":[[[73.0051365,33.6886917],[73.0053259,33.6887729],[73.0052123,33.6889563],[73.0051076,33.6889114],[73.0051109,33.6889061],[73.0050261,33.6888698],[73.0051365,33.6886917]]]}},{"type":"Feature","id":"osm-way-1381696044","properties":{"id":"osm-way-1381696044","sector":"F-10","height":6,"source":"OpenStreetMap"},"geometry":{"type":"Polygon","coordinates":[[[73.0052876,33.6892927],[73.0052528,33.6892766],[73.0052323,33.6893072],[73.0050788,33.689236],[73.0052088,33.6890419],[73.0053971,33.6891292],[73.0052876,33.6892927]]]}},{"type":"Feature","id":"osm-way-1381696045","properties":{"id":"osm-way-1381696045","sector":"F-10","height":6,"source":"OpenStreetMap"},"geometry":{"type":"Polygon","coordinates":[[[73.0054188,33.6891552],[73.0056552,33.6892638],[73.005642,33.6892837],[73.0058352,33.6893724],[73.0057104,33.6895606],[73.0053794,33.6894086],[73.0053983,33.6893802],[73.0052996,33.6893348],[73.0054188,33.6891552]]]}},{"type":"Feature","id":"osm-way-1381696046","properties":{"id":"osm-way-1381696046","sector":"F-10","height":6,"source":"OpenStreetMap"},"geometry":{"type":"Polygon","coordinates":[[[73.0055992,33.6888626],[73.0054608,33.6890809],[73.0053509,33.6890326],[73.0053515,33.6890316],[73.0052265,33.6889767],[73.0053752,33.688742],[73.0054247,33.6887638],[73.0054037,33.6887969],[73.0055485,33.6888605],[73.0055585,33.6888448],[73.0055992,33.6888626]]]}},{"type":"Feature","id":"osm-way-1381696656","properties":{"id":"osm-way-1381696656","sector":"F-10","height":6,"source":"OpenStreetMap"},"geometry":{"type":"Polygon","coordinates":[[[73.0052243,33.6881819],[73.0053996,33.6882708],[73.0052888,33.6884222],[73.0051135,33.6883333],[73.0052243,33.6881819]]]}},{"type":"Feature","id":"osm-way-1381696657","properties":{"id":"osm-way-1381696657","sector":"F-10","height":6,"source":"OpenStreetMap"},"geometry":{"type":"Polygon","coordinates":[[[73.0041038,33.6883755],[73.0041338,33.688339],[73.0041976,33.6883755],[73.0041676,33.6884119],[73.0041038,33.6883755]]]}},{"type":"Feature","id":"osm-way-1381696660","properties":{"id":"osm-way-1381696660","sector":"F-10","height":6,"source":"OpenStreetMap"},"geometry":{"type":"Polygon","coordinates":[[[73.0055599,33.6885857],[73.0056969,33.6883816],[73.0058883,33.6884706],[73.0057512,33.6886747],[73.0055599,33.6885857]]]}},{"type":"Feature","id":"osm-way-1381696661","properties":{"id":"osm-way-1381696661","sector":"F-10","height":6,"source":"OpenStreetMap"},"geometry":{"type":"Polygon","coordinates":[[[73.0056618,33.6883613],[73.0055204,33.688579],[73.0054727,33.6885575],[73.00549,33.6885309],[73.0053288,33.6884585],[73.0054529,33.6882674],[73.0056618,33.6883613]]]}},{"type":"Feature","id":"osm-way-1381696662","properties":{"id":"osm-way-1381696662","sector":"nearby","height":6,"source":"OpenStreetMap"},"geometry":{"type":"Polygon","coordinates":[[[73.0056287,33.6880468],[73.0058288,33.6881477],[73.0057087,33.6883126],[73.0055086,33.6882117],[73.0056287,33.6880468]]]}},{"type":"Feature","id":"osm-way-1381696663","properties":{"id":"osm-way-1381696663","sector":"F-10","height":6,"source":"OpenStreetMap"},"geometry":{"type":"Polygon","coordinates":[[[73.0058744,33.6881402],[73.0060681,33.6882346],[73.0059301,33.6884307],[73.0058682,33.6884005],[73.0058881,33.6883723],[73.0057563,33.688308],[73.0058744,33.6881402]]]}},{"type":"Feature","id":"osm-way-1381696664","properties":{"id":"osm-way-1381696664","sector":"F-10","height":6,"source":"OpenStreetMap"},"geometry":{"type":"Polygon","coordinates":[[[73.0057587,33.6886916],[73.0058879,33.6884839],[73.0061143,33.6885813],[73.0059851,33.6887891],[73.0057587,33.6886916]]]}},{"type":"Feature","id":"osm-way-1381696665","properties":{"id":"osm-way-1381696665","sector":"F-10","height":6,"source":"OpenStreetMap"},"geometry":{"type":"Polygon","coordinates":[[[73.0056757,33.6891869],[73.0054914,33.6890995],[73.0056068,33.6889311],[73.0057911,33.6890184],[73.0056757,33.6891869]]]}},{"type":"Feature","id":"osm-way-1381696666","properties":{"id":"osm-way-1381696666","sector":"F-10","height":6,"source":"OpenStreetMap"},"geometry":{"type":"Polygon","coordinates":[[[73.0056994,33.6892234],[73.0058335,33.689033],[73.0060411,33.6891343],[73.0059071,33.6893247],[73.0056994,33.6892234]]]}},{"type":"Feature","id":"osm-way-1381696667","properties":{"id":"osm-way-1381696667","sector":"F-10","height":6,"source":"OpenStreetMap"},"geometry":{"type":"Polygon","coordinates":[[[73.0059305,33.6893586],[73.0060712,33.6891529],[73.0061928,33.6892105],[73.0062135,33.6891801],[73.0062885,33.6892156],[73.006127,33.6894516],[73.0059305,33.6893586]]]}},{"type":"Feature","id":"osm-way-1381696668","properties":{"id":"osm-way-1381696668","sector":"F-10","height":6,"source":"OpenStreetMap"},"geometry":{"type":"Polygon","coordinates":[[[73.0060896,33.6882543],[73.0062895,33.6883522],[73.0061558,33.6885411],[73.0059686,33.6884494],[73.0060694,33.6883069],[73.0060568,33.6883007],[73.0060896,33.6882543]]]}},{"type":"Feature","id":"osm-way-1381696669","properties":{"id":"osm-way-1381696669","sector":"F-10","height":6,"source":"OpenStreetMap"},"geometry":{"type":"Polygon","coordinates":[[[73.006168,33.6886276],[73.0063294,33.6887096],[73.0061887,33.6889015],[73.0060272,33.6888195],[73.006168,33.6886276]]]}},{"type":"Feature","id":"osm-way-1381697895","properties":{"id":"osm-way-1381697895","sector":"nearby","height":6,"source":"OpenStreetMap"},"geometry":{"type":"Polygon","coordinates":[[[73.0035647,33.6899756],[73.0034331,33.6901516],[73.0032938,33.6900796],[73.0034254,33.6899035],[73.0035647,33.6899756]]]}},{"type":"Feature","id":"osm-way-1381697896","properties":{"id":"osm-way-1381697896","sector":"nearby","height":6,"source":"OpenStreetMap"},"geometry":{"type":"Polygon","coordinates":[[[73.0032822,33.6897667],[73.0033172,33.6897187],[73.0036331,33.6898779],[73.0035665,33.6899694],[73.0034292,33.6899001],[73.0034608,33.6898567],[73.0032822,33.6897667]]]}},{"type":"Feature","id":"osm-way-1381697899","properties":{"id":"osm-way-1381697899","sector":"F-10","height":6,"source":"OpenStreetMap"},"geometry":{"type":"Polygon","coordinates":[[[73.0036005,33.6902849],[73.0036413,33.6902182],[73.0037308,33.690256],[73.00369,33.6903228],[73.0036005,33.6902849]]]}},{"type":"Feature","id":"osm-way-1381697900","properties":{"id":"osm-way-1381697900","sector":"F-10","height":6,"source":"OpenStreetMap"},"geometry":{"type":"Polygon","coordinates":[[[73.0037384,33.6903604],[73.0037663,33.6902967],[73.0038587,33.6903246],[73.0038308,33.6903884],[73.0037384,33.6903604]]]}},{"type":"Feature","id":"osm-way-1381697901","properties":{"id":"osm-way-1381697901","sector":"F-10","height":6,"source":"OpenStreetMap"},"geometry":{"type":"Polygon","coordinates":[[[73.0036948,33.6893289],[73.0037464,33.6892291],[73.0039298,33.6892947],[73.0038782,33.6893946],[73.0036948,33.6893289]]]}},{"type":"Feature","id":"osm-way-1381697902","properties":{"id":"osm-way-1381697902","sector":"F-10","height":6,"source":"OpenStreetMap"},"geometry":{"type":"Polygon","coordinates":[[[73.0038916,33.6895239],[73.0040155,33.6893511],[73.0040393,33.6893628],[73.0040404,33.6893612],[73.0040958,33.6893887],[73.0040734,33.68942],[73.0041189,33.6894426],[73.0041378,33.6894162],[73.0042169,33.6894555],[73.0040753,33.689653],[73.0040199,33.6896255],[73.00404,33.6895975],[73.0038916,33.6895239]]]}},{"type":"Feature","id":"osm-way-1381697903","properties":{"id":"osm-way-1381697903","sector":"F-10","height":6,"source":"OpenStreetMap"},"geometry":{"type":"Polygon","coordinates":[[[73.0035722,33.689425],[73.0036002,33.6893818],[73.0036293,33.6893948],[73.0036697,33.6893326],[73.003865,33.6894203],[73.0037966,33.6895257],[73.0035722,33.689425]]]}},{"type":"Feature","id":"osm-way-1381697904","properties":{"id":"osm-way-1381697904","sector":"F-10","height":6,"source":"OpenStreetMap"},"geometry":{"type":"Polygon","coordinates":[[[73.0040297,33.6896024],[73.0040176,33.6896184],[73.0039397,33.6895775],[73.0038913,33.6896414],[73.0038049,33.6895962],[73.003869,33.6895115],[73.0038939,33.6895245],[73.0038903,33.6895293],[73.0040297,33.6896024]]]}},{"type":"Feature","id":"osm-way-1381697905","properties":{"id":"osm-way-1381697905","sector":"F-10","height":6,"source":"OpenStreetMap"},"geometry":{"type":"Polygon","coordinates":[[[73.0042946,33.6897851],[73.0041082,33.6897038],[73.0042439,33.6894885],[73.0043356,33.6895285],[73.0043294,33.6895384],[73.0044241,33.6895797],[73.0042946,33.6897851]]]}},{"type":"Feature","id":"osm-way-1381697906","properties":{"id":"osm-way-1381697906","sector":"F-10","height":6,"source":"OpenStreetMap"},"geometry":{"type":"Polygon","coordinates":[[[73.0043797,33.6898477],[73.0043645,33.6898693],[73.0043024,33.6898393],[73.0044069,33.6896898],[73.0045658,33.6897452],[73.0046703,33.6896462],[73.0047151,33.6896651],[73.0045139,33.6899126],[73.0043797,33.6898477]]]}},{"type":"Feature","id":"osm-way-1381697907","properties":{"id":"osm-way-1381697907","sector":"F-10","height":6,"source":"OpenStreetMap"},"geometry":{"type":"Polygon","coordinates":[[[73.004846,33.689767],[73.0048137,33.6898174],[73.0048721,33.6898433],[73.0048041,33.6899492],[73.0046101,33.689863],[73.0047104,33.6897067],[73.004846,33.689767]]]}},{"type":"Feature","id":"osm-way-1381697908","properties":{"id":"osm-way-1381697908","sector":"F-10","height":6,"source":"OpenStreetMap"},"geometry":{"type":"Polygon","coordinates":[[[73.0045235,33.6895479],[73.0045774,33.6894419],[73.0047753,33.6895116],[73.0047214,33.6896176],[73.0045235,33.6895479]]]}},{"type":"Feature","id":"osm-way-1381697909","properties":{"id":"osm-way-1381697909","sector":"F-10","height":6,"source":"OpenStreetMap"},"geometry":{"type":"Polygon","coordinates":[[[73.0044313,33.6893748],[73.0044099,33.6894117],[73.0044512,33.6894283],[73.004427,33.6894699],[73.0043052,33.689421],[73.0043508,33.6893425],[73.0044313,33.6893748]]]}},{"type":"Feature","id":"osm-way-1381697910","properties":{"id":"osm-way-1381697910","sector":"F-10","height":6,"source":"OpenStreetMap"},"geometry":{"type":"Polygon","coordinates":[[[73.0048862,33.6894485],[73.0049873,33.6894924],[73.0049554,33.6895433],[73.0048543,33.6894993],[73.0048862,33.6894485]]]}},{"type":"Feature","id":"osm-way-1381697911","properties":{"id":"osm-way-1381697911","sector":"F-10","height":6,"source":"OpenStreetMap"},"geometry":{"type":"Polygon","coordinates":[[[73.0047481,33.6896526],[73.0048482,33.6895024],[73.0049598,33.6895539],[73.0050049,33.6894863],[73.0050553,33.6895096],[73.0050758,33.6894789],[73.0051332,33.6895054],[73.0051014,33.6895532],[73.0050776,33.6895422],[73.0049392,33.6897497],[73.004849,33.6897081],[73.0048535,33.6897013],[73.0047481,33.6896526]]]}},{"type":"Feature","id":"osm-way-1381697912","properties":{"id":"osm-way-1381697912","sector":"F-10","height":6,"source":"OpenStreetMap"},"geometry":{"type":"Polygon","coordinates":[[[73.0051005,33.6895563],[73.0053161,33.6896548],[73.0051751,33.6898685],[73.0050873,33.6898284],[73.0050828,33.6898353],[73.0049797,33.6897882],[73.0050917,33.6896184],[73.005067,33.6896071],[73.0051005,33.6895563]]]}},{"type":"Feature","id":"osm-way-1381697913","properties":{"id":"osm-way-1381697913","sector":"F-10","height":6,"source":"OpenStreetMap"},"geometry":{"type":"Polygon","coordinates":[[[73.0051171,33.6899259],[73.0049766,33.6901296],[73.0049221,33.6901036],[73.0049105,33.6901204],[73.0047693,33.690053],[73.0049214,33.6898324],[73.0051171,33.6899259]]]}},{"type":"Feature","id":"osm-way-1381697914","properties":{"id":"osm-way-1381697914","sector":"F-10","height":6,"source":"OpenStreetMap"},"geometry":{"type":"Polygon","coordinates":[[[73.0051393,33.6899528],[73.0053445,33.6900412],[73.0052591,33.6901785],[73.0052084,33.6901567],[73.0051613,33.6902324],[73.0050068,33.6901659],[73.0051393,33.6899528]]]}},{"type":"Feature","id":"osm-way-1381697915","properties":{"id":"osm-way-1381697915","sector":"F-10","height":6,"source":"OpenStreetMap"},"geometry":{"type":"Polygon","coordinates":[[[73.0054309,33.6899252],[73.0053655,33.6898706],[73.0053081,33.6899249],[73.0052198,33.6898817],[73.005354,33.6896819],[73.0055371,33.689767],[73.0054309,33.6899252]]]}},{"type":"Feature","id":"osm-way-1381697916","properties":{"id":"osm-way-1381697916","sector":"F-10","height":6,"source":"OpenStreetMap"},"geometry":{"type":"Polygon","coordinates":[[[73.0054345,33.6900126],[73.0054584,33.6899787],[73.0054254,33.6899626],[73.0054729,33.6898952],[73.005504,33.6899104],[73.0055789,33.6898041],[73.0057593,33.6898922],[73.005613,33.6900997],[73.0054345,33.6900126]]]}},{"type":"Feature","id":"osm-way-1381697917","properties":{"id":"osm-way-1381697917","sector":"F-10","height":6,"source":"OpenStreetMap"},"geometry":{"type":"Polygon","coordinates":[[[73.0055759,33.690158],[73.0054651,33.6903128],[73.0054215,33.6902912],[73.0053814,33.6903472],[73.0052706,33.6902922],[73.0053135,33.6902323],[73.0052759,33.6902136],[73.005384,33.6900628],[73.0055759,33.690158]]]}},{"type":"Feature","id":"osm-way-1381697918","properties":{"id":"osm-way-1381697918","sector":"F-10","height":6,"source":"OpenStreetMap"},"geometry":{"type":"Polygon","coordinates":[[[73.0056039,33.6901785],[73.0057952,33.6902721],[73.0057154,33.6903848],[73.0055242,33.6902912],[73.0056039,33.6901785]]]}},{"type":"Feature","id":"osm-way-1381697919","properties":{"id":"osm-way-1381697919","sector":"F-10","height":6,"source":"OpenStreetMap"},"geometry":{"type":"Polygon","coordinates":[[[73.0056496,33.6901307],[73.0057294,33.6900147],[73.0057334,33.6900166],[73.0058109,33.689904],[73.0058614,33.6899281],[73.0058787,33.6899029],[73.0060303,33.689975],[73.0058417,33.690249],[73.0056741,33.6901691],[73.0056879,33.690149],[73.0056496,33.6901307]]]}},{"type":"Feature","id":"osm-way-1381700939","properties":{"id":"osm-way-1381700939","sector":"F-10","height":6,"source":"OpenStreetMap"},"geometry":{"type":"Polygon","coordinates":[[[73.0072466,33.6927596],[73.0073359,33.6928018],[73.0073462,33.6927866],[73.0074334,33.6928278],[73.0074311,33.6928312],[73.0075305,33.6928782],[73.0074453,33.693003],[73.0071694,33.6928727],[73.0072466,33.6927596]]]}},{"type":"Feature","id":"osm-way-1381700940","properties":{"id":"osm-way-1381700940","sector":"F-10","height":6,"source":"OpenStreetMap"},"geometry":{"type":"Polygon","coordinates":[[[73.0070844,33.6930266],[73.0071608,33.6929124],[73.0073697,33.6930091],[73.0073469,33.6930432],[73.0073899,33.6930631],[73.0073364,33.6931432],[73.0070844,33.6930266]]]}},{"type":"Feature","id":"osm-way-1381700941","properties":{"id":"osm-way-1381700941","sector":"F-10","height":6,"source":"OpenStreetMap"},"geometry":{"type":"Polygon","coordinates":[[[73.0069585,33.6931547],[73.0070328,33.6930476],[73.0072722,33.6931626],[73.0071978,33.6932697],[73.0069585,33.6931547]]]}},{"type":"Feature","id":"osm-way-1381700942","properties":{"id":"osm-way-1381700942","sector":"F-10","height":6,"source":"OpenStreetMap"},"geometry":{"type":"Polygon","coordinates":[[[73.0072128,33.693321],[73.0071572,33.6934034],[73.0071908,33.6934191],[73.0071519,33.6934768],[73.0070846,33.6934454],[73.0070972,33.6934267],[73.006932,33.6933495],[73.007014,33.6932281],[73.0072128,33.693321]]]}},{"type":"Feature","id":"osm-way-1381700943","properties":{"id":"osm-way-1381700943","sector":"F-10","height":6,"source":"OpenStreetMap"},"geometry":{"type":"Polygon","coordinates":[[[73.0070541,33.6935847],[73.0070663,33.6935904],[73.0070429,33.6936254],[73.0069877,33.6935998],[73.0070077,33.6935699],[73.0068288,33.6934867],[73.0069007,33.6933796],[73.0071226,33.6934827],[73.0070541,33.6935847]]]}},{"type":"Feature","id":"osm-way-1381700944","properties":{"id":"osm-way-1381700944","sector":"F-10","height":6,"source":"OpenStreetMap"},"geometry":{"type":"Polygon","coordinates":[[[73.0067644,33.6937916],[73.0068815,33.6935814],[73.0070161,33.6936333],[73.006899,33.6938435],[73.0067644,33.6937916]]]}},{"type":"Feature","id":"osm-way-1381700945","properties":{"id":"osm-way-1381700945","sector":"F-10","height":6,"source":"OpenStreetMap"},"geometry":{"type":"Polygon","coordinates":[[[73.0067252,33.6937515],[73.0066434,33.6937155],[73.0066346,33.6937295],[73.0065789,33.693705],[73.0067045,33.6935071],[73.006842,33.6935675],[73.0067252,33.6937515]]]}},{"type":"Feature","id":"osm-way-1381700946","properties":{"id":"osm-way-1381700946","sector":"F-10","height":6,"source":"OpenStreetMap"},"geometry":{"type":"Polygon","coordinates":[[[73.0064677,33.6942154],[73.0063993,33.694189],[73.0064976,33.6940127],[73.0066266,33.6940625],[73.0065135,33.6942652],[73.0064529,33.6942418],[73.0064677,33.6942154]]]}},{"type":"Feature","id":"osm-way-1381700947","properties":{"id":"osm-way-1381700947","sector":"F-10","height":6,"source":"OpenStreetMap"},"geometry":{"type":"Polygon","coordinates":[[[73.0063514,33.6939161],[73.0064785,33.6939805],[73.0063379,33.6941726],[73.0062001,33.6941027],[73.0062757,33.6939995],[73.0062863,33.6940049],[73.0063514,33.6939161]]]}},{"type":"Feature","id":"osm-way-1381700948","properties":{"id":"osm-way-1381700948","sector":"F-10","height":6,"source":"OpenStreetMap"},"geometry":{"type":"Polygon","coordinates":[[[73.0063194,33.6938815],[73.0061762,33.6940902],[73.0060407,33.6940258],[73.0061839,33.6938171],[73.0063194,33.6938815]]]}},{"type":"Feature","id":"osm-way-1381700949","properties":{"id":"osm-way-1381700949","sector":"F-10","height":6,"source":"OpenStreetMap"},"geometry":{"type":"Polygon","coordinates":[[[73.0061472,33.6937914],[73.0060213,33.6939969],[73.0058765,33.6939355],[73.0059655,33.6937902],[73.0060059,33.6938074],[73.0060428,33.6937471],[73.0061472,33.6937914]]]}},{"type":"Feature","id":"osm-way-1381700950","properties":{"id":"osm-way-1381700950","sector":"F-10","height":6,"source":"OpenStreetMap"},"geometry":{"type":"Polygon","coordinates":[[[73.0058003,33.6936138],[73.0056702,33.6938217],[73.0055762,33.693781],[73.0055942,33.6937522],[73.0055595,33.6937371],[73.0056469,33.6935974],[73.0056237,33.6935873],[73.0056483,33.693548],[73.0058003,33.6936138]]]}},{"type":"Feature","id":"osm-way-1381700951","properties":{"id":"osm-way-1381700951","sector":"F-10","height":6,"source":"OpenStreetMap"},"geometry":{"type":"Polygon","coordinates":[[[73.0054739,33.6936939],[73.005436,33.6937356],[73.0053977,33.6937115],[73.0054356,33.6936697],[73.0054739,33.6936939]]]}},{"type":"Feature","id":"osm-way-1381700952","properties":{"id":"osm-way-1381700952","sector":"F-10","height":6,"source":"OpenStreetMap"},"geometry":{"type":"Polygon","coordinates":[[[73.00547,33.6935538],[73.0055288,33.6935409],[73.0055361,33.6935638],[73.0054772,33.6935767],[73.00547,33.6935538]]]}},{"type":"Feature","id":"osm-way-1381700953","properties":{"id":"osm-way-1381700953","sector":"F-10","height":6,"source":"OpenStreetMap"},"geometry":{"type":"Polygon","coordinates":[[[73.0057276,33.6934424],[73.0057732,33.6934667],[73.0057464,33.6935015],[73.0057008,33.6934772],[73.0057276,33.6934424]]]}},{"type":"Feature","id":"osm-way-1381700954","properties":{"id":"osm-way-1381700954","sector":"F-10","height":6,"source":"OpenStreetMap"},"geometry":{"type":"Polygon","coordinates":[[[73.006001,33.6937237],[73.0060574,33.6936227],[73.0061015,33.6936398],[73.0060452,33.6937407],[73.006001,33.6937237]]]}},{"type":"Feature","id":"osm-way-1381700955","properties":{"id":"osm-way-1381700955","sector":"F-10","height":6,"source":"OpenStreetMap"},"geometry":{"type":"Polygon","coordinates":[[[73.0057439,33.6935216],[73.0057095,33.6935637],[73.0056636,33.6935378],[73.0056981,33.6934956],[73.0057439,33.6935216]]]}},{"type":"Feature","id":"osm-way-1381700956","properties":{"id":"osm-way-1381700956","sector":"F-10","height":6,"source":"OpenStreetMap"},"geometry":{"type":"Polygon","coordinates":[[[73.0063426,33.6935996],[73.0064284,33.6934659],[73.0065161,33.6935048],[73.0065662,33.6934266],[73.0066706,33.693473],[73.0065068,33.6937283],[73.0064672,33.6937107],[73.006495,33.6936673],[73.0063426,33.6935996]]]}},{"type":"Feature","id":"osm-way-1381700957","properties":{"id":"osm-way-1381700957","sector":"F-10","height":6,"source":"OpenStreetMap"},"geometry":{"type":"Polygon","coordinates":[[[73.0070789,33.6935958],[73.0071534,33.693636],[73.0071247,33.6936728],[73.0070502,33.6936326],[73.0070789,33.6935958]]]}},{"type":"Feature","id":"osm-way-1381700958","properties":{"id":"osm-way-1381700958","sector":"F-10","height":6,"source":"OpenStreetMap"},"geometry":{"type":"Polygon","coordinates":[[[73.0060679,33.6928877],[73.0062826,33.6929913],[73.0061911,33.6931226],[73.0059975,33.6930291],[73.0060564,33.6929446],[73.0060353,33.6929345],[73.0060679,33.6928877]]]}},{"type":"Feature","id":"osm-way-1381700959","properties":{"id":"osm-way-1381700959","sector":"F-10","height":6,"source":"OpenStreetMap"},"geometry":{"type":"Polygon","coordinates":[[[73.0062282,33.6943182],[73.0061539,33.694435],[73.0059129,33.6943289],[73.0059285,33.6943045],[73.0058656,33.6942768],[73.0060076,33.6940537],[73.0061542,33.6941183],[73.0060711,33.694249],[73.0062282,33.6943182]]]}},{"type":"Feature","id":"osm-way-1381700960","properties":{"id":"osm-way-1381700960","sector":"F-10","height":6,"source":"OpenStreetMap"},"geometry":{"type":"Polygon","coordinates":[[[73.0058204,33.6939733],[73.0059668,33.6940276],[73.0058581,33.6942305],[73.0057117,33.6941762],[73.0058204,33.6939733]]]}},{"type":"Feature","id":"osm-way-1381700961","properties":{"id":"osm-way-1381700961","sector":"F-10","height":6,"source":"OpenStreetMap"},"geometry":{"type":"Polygon","coordinates":[[[73.0055198,33.6940812],[73.0056678,33.693887],[73.0058026,33.6939581],[73.0056545,33.6941523],[73.0055198,33.6940812]]]}},{"type":"Feature","id":"osm-way-1381700962","properties":{"id":"osm-way-1381700962","sector":"F-10","height":6,"source":"OpenStreetMap"},"geometry":{"type":"Polygon","coordinates":[[[73.0055009,33.6937911],[73.005635,33.6938562],[73.0054949,33.694056],[73.0053608,33.693991],[73.0055009,33.6937911]]]}},{"type":"Feature","id":"osm-way-1381700963","properties":{"id":"osm-way-1381700963","sector":"F-10","height":6,"source":"OpenStreetMap"},"geometry":{"type":"Polygon","coordinates":[[[73.0045702,33.694213],[73.0052303,33.6945345],[73.0052214,33.6945471],[73.0054223,33.694645],[73.0053732,33.6947148],[73.0046169,33.6943465],[73.0046375,33.6943172],[73.0045836,33.6942909],[73.0045684,33.6943125],[73.0045175,33.6942878],[73.0045702,33.694213]]]}},{"type":"Feature","id":"osm-way-1381700964","properties":{"id":"osm-way-1381700964","sector":"F-10","height":6,"source":"OpenStreetMap"},"geometry":{"type":"Polygon","coordinates":[[[73.0044566,33.6941327],[73.0045027,33.694062],[73.0053088,33.6944259],[73.0052627,33.6944966],[73.0044566,33.6941327]]]}},{"type":"Feature","id":"osm-way-1381700965","properties":{"id":"osm-way-1381700965","sector":"F-10","height":6,"source":"OpenStreetMap"},"geometry":{"type":"Polygon","coordinates":[[[73.0045312,33.6941646],[73.0044656,33.6942541],[73.0044,33.6942208],[73.0044655,33.6941313],[73.0045312,33.6941646]]]}},{"type":"Feature","id":"osm-way-1381700966","properties":{"id":"osm-way-1381700966","sector":"F-10","height":6,"source":"OpenStreetMap"},"geometry":{"type":"Polygon","coordinates":[[[73.0055058,33.694529],[73.0054431,33.6946195],[73.0052599,33.6945316],[73.0053121,33.6944563],[73.0054249,33.6945103],[73.0054353,33.6944952],[73.0055058,33.694529]]]}},{"type":"Feature","id":"osm-way-1381700967","properties":{"id":"osm-way-1381700967","sector":"F-10","height":6,"source":"OpenStreetMap"},"geometry":{"type":"Polygon","coordinates":[[[73.004151,33.6943406],[73.0050938,33.6947622],[73.0050367,33.6948505],[73.0045132,33.6946164],[73.0045281,33.6945932],[73.0041723,33.6944341],[73.0041823,33.6944185],[73.004119,33.6943902],[73.004151,33.6943406]]]}},{"type":"Feature","id":"osm-way-1381700968","properties":{"id":"osm-way-1381700968","sector":"F-10","height":6,"source":"OpenStreetMap"},"geometry":{"type":"Polygon","coordinates":[[[73.0042412,33.6942234],[73.0051623,33.6946897],[73.0051079,33.694764],[73.0041868,33.6942977],[73.0042412,33.6942234]]]}},{"type":"Feature","id":"osm-way-1381700969","properties":{"id":"osm-way-1381700969","sector":"F-10","height":6,"source":"OpenStreetMap"},"geometry":{"type":"Polygon","coordinates":[[[73.0041561,33.694187],[73.0041387,33.6942483],[73.0040944,33.6942397],[73.0041117,33.6941783],[73.0041561,33.694187]]]}},{"type":"Feature","id":"osm-way-1381700970","properties":{"id":"osm-way-1381700970","sector":"F-10","height":6,"source":"OpenStreetMap"},"geometry":{"type":"Polygon","coordinates":[[[73.0047486,33.6949103],[73.0046836,33.6950117],[73.0045416,33.6949487],[73.0045538,33.6949296],[73.0042175,33.6947805],[73.0042291,33.6947625],[73.0039387,33.6946337],[73.0039799,33.6945694],[73.0047486,33.6949103]]]}},{"type":"Feature","id":"osm-way-1381700971","properties":{"id":"osm-way-1381700971","sector":"F-10","height":6,"source":"OpenStreetMap"},"geometry":{"type":"Polygon","coordinates":[[[73.0040104,33.6945362],[73.0040598,33.6944645],[73.0048166,33.6948257],[73.0047673,33.6948973],[73.0040104,33.6945362]]]}},{"type":"Feature","id":"osm-way-1381700972","properties":{"id":"osm-way-1381700972","sector":"F-10","height":6,"source":"OpenStreetMap"},"geometry":{"type":"Polygon","coordinates":[[[73.0043973,33.6952874],[73.0043473,33.6952632],[73.0043286,33.6952898],[73.0041626,33.6952092],[73.0042361,33.6951043],[73.0044522,33.6952092],[73.0043973,33.6952874]]]}},{"type":"Feature","id":"osm-way-1381700973","properties":{"id":"osm-way-1381700973","sector":"F-10","height":6,"source":"OpenStreetMap"},"geometry":{"type":"Polygon","coordinates":[[[73.004256,33.6950927],[73.0043268,33.6949938],[73.0043723,33.6950164],[73.0043393,33.6950625],[73.0043837,33.6950845],[73.0044112,33.695046],[73.0045312,33.6951054],[73.0044659,33.6951967],[73.004256,33.6950927]]]}},{"type":"Feature","id":"osm-way-1381700974","properties":{"id":"osm-way-1381700974","sector":"F-10","height":6,"source":"OpenStreetMap"},"geometry":{"type":"Polygon","coordinates":[[[73.0042882,33.6949457],[73.00421,33.6951217],[73.0041723,33.6951101],[73.0041461,33.695169],[73.004173,33.6951773],[73.0041521,33.6952244],[73.004078,33.6952016],[73.0040977,33.6951572],[73.0039137,33.6951006],[73.0039477,33.695024],[73.0039925,33.6950378],[73.0040309,33.6949514],[73.004038,33.6949536],[73.0040711,33.694879],[73.0042882,33.6949457]]]}},{"type":"Feature","id":"osm-way-1381700975","properties":{"id":"osm-way-1381700975","sector":"nearby","height":6,"source":"OpenStreetMap"},"geometry":{"type":"Polygon","coordinates":[[[73.0033276,33.6950587],[73.0035259,33.695138],[73.0034107,33.6953374],[73.0032124,33.6952582],[73.0033276,33.6950587]]]}},{"type":"Feature","id":"osm-way-1381700976","properties":{"id":"osm-way-1381700976","sector":"nearby","height":6,"source":"OpenStreetMap"},"geometry":{"type":"Polygon","coordinates":[[[73.0035432,33.6952027],[73.0037315,33.6952965],[73.0036369,33.6954279],[73.0035579,33.6953885],[73.0035449,33.6954066],[73.0034356,33.6953521],[73.0035432,33.6952027]]]}},{"type":"Feature","id":"osm-way-1381700977","properties":{"id":"osm-way-1381700977","sector":"nearby","height":6,"source":"OpenStreetMap"},"geometry":{"type":"Polygon","coordinates":[[[73.0039792,33.6953868],[73.0039145,33.6954863],[73.0039,33.6954797],[73.0038255,33.6955943],[73.0037093,33.695542],[73.0036947,33.6955644],[73.0036075,33.6955252],[73.0037771,33.6952645],[73.0038289,33.6952879],[73.0038132,33.6953121],[73.0039792,33.6953868]]]}},{"type":"Feature","id":"osm-way-1381700987","properties":{"id":"osm-way-1381700987","sector":"F-10","height":6,"source":"OpenStreetMap"},"geometry":{"type":"Polygon","coordinates":[[[73.004066,33.6948506],[73.0039002,33.6950924],[73.0038112,33.6950501],[73.0038315,33.6950204],[73.0037203,33.6949676],[73.0038658,33.6947555],[73.004066,33.6948506]]]}},{"type":"Feature","id":"osm-way-1381701900","properties":{"id":"osm-way-1381701900","sector":"nearby","height":6,"source":"OpenStreetMap"},"geometry":{"type":"Polygon","coordinates":[[[73.004045,33.695299],[73.0040923,33.6953207],[73.0040579,33.6953727],[73.0040106,33.695351],[73.004045,33.695299]]]}},{"type":"Feature","id":"osm-way-1381702158","properties":{"id":"osm-way-1381702158","sector":"F-10","height":6,"source":"OpenStreetMap"},"geometry":{"type":"Polygon","coordinates":[[[73.0096539,33.6930375],[73.0097042,33.6930597],[73.0096909,33.6930806],[73.0097874,33.693123],[73.00966,33.6933237],[73.0095132,33.6932591],[73.0096539,33.6930375]]]}},{"type":"Feature","id":"osm-way-1381702159","properties":{"id":"osm-way-1381702159","sector":"F-10","height":6,"source":"OpenStreetMap"},"geometry":{"type":"Polygon","coordinates":[[[73.0093437,33.6935159],[73.0094883,33.6933027],[73.0096185,33.6933638],[73.0094739,33.6935771],[73.0093437,33.6935159]]]}},{"type":"Feature","id":"osm-way-1381702160","properties":{"id":"osm-way-1381702160","sector":"F-10","height":6,"source":"OpenStreetMap"},"geometry":{"type":"Polygon","coordinates":[[[73.0093229,33.6932105],[73.009452,33.693267],[73.009348,33.6934313],[73.009219,33.6933747],[73.0093229,33.6932105]]]}},{"type":"Feature","id":"osm-way-1381702161","properties":{"id":"osm-way-1381702161","sector":"F-10","height":6,"source":"OpenStreetMap"},"geometry":{"type":"Polygon","coordinates":[[[73.0094189,33.6932025],[73.0094361,33.6931786],[73.0093748,33.6931482],[73.0094758,33.6930076],[73.0095193,33.6930292],[73.0095453,33.692993],[73.0096223,33.6930314],[73.0094782,33.693232],[73.0094189,33.6932025]]]}},{"type":"Feature","id":"osm-way-1381702162","properties":{"id":"osm-way-1381702162","sector":"F-10","height":6,"source":"OpenStreetMap"},"geometry":{"type":"Polygon","coordinates":[[[73.0091899,33.6930916],[73.0093169,33.6928999],[73.0094527,33.6929622],[73.0093257,33.6931539],[73.0091899,33.6930916]]]}},{"type":"Feature","id":"osm-way-1381702163","properties":{"id":"osm-way-1381702163","sector":"F-10","height":6,"source":"OpenStreetMap"},"geometry":{"type":"Polygon","coordinates":[[[73.0091505,33.6931158],[73.0092941,33.6931859],[73.0091641,33.6933701],[73.0090345,33.6933068],[73.0091001,33.6932139],[73.0090861,33.693207],[73.0091505,33.6931158]]]}},{"type":"Feature","id":"osm-way-1381702164","properties":{"id":"osm-way-1381702164","sector":"F-10","height":6,"source":"OpenStreetMap"},"geometry":{"type":"Polygon","coordinates":[[[73.0088507,33.6932294],[73.0090046,33.6930347],[73.0091235,33.6930998],[73.0090158,33.6932361],[73.0090242,33.6932406],[73.0089644,33.6933162],[73.0089392,33.6933024],[73.0089527,33.6932853],[73.0088507,33.6932294]]]}},{"type":"Feature","id":"osm-way-1381702165","properties":{"id":"osm-way-1381702165","sector":"F-10","height":6,"source":"OpenStreetMap"},"geometry":{"type":"Polygon","coordinates":[[[73.0090359,33.6930018],[73.0091672,33.6928144],[73.0092863,33.6928721],[73.0091551,33.6930596],[73.0090359,33.6930018]]]}},{"type":"Feature","id":"osm-way-1381702166","properties":{"id":"osm-way-1381702166","sector":"F-10","height":6,"source":"OpenStreetMap"},"geometry":{"type":"Polygon","coordinates":[[[73.008866,33.6929168],[73.0090025,33.6927185],[73.0091317,33.6927801],[73.0089952,33.6929784],[73.008866,33.6929168]]]}},{"type":"Feature","id":"osm-way-1381702167","properties":{"id":"osm-way-1381702167","sector":"F-10","height":6,"source":"OpenStreetMap"},"geometry":{"type":"Polygon","coordinates":[[[73.0089559,33.6930066],[73.0088319,33.6932112],[73.0086587,33.6931385],[73.0086845,33.6930958],[73.0087188,33.6931102],[73.0088061,33.6929661],[73.0088638,33.6929903],[73.0088746,33.6929725],[73.0089559,33.6930066]]]}},{"type":"Feature","id":"osm-way-1381702168","properties":{"id":"osm-way-1381702168","sector":"F-10","height":6,"source":"OpenStreetMap"},"geometry":{"type":"Polygon","coordinates":[[[73.00859,33.6929389],[73.0087059,33.6929892],[73.0087373,33.6929393],[73.0087531,33.6929462],[73.008648,33.6931136],[73.0086121,33.693098],[73.0085862,33.6931392],[73.0084904,33.6930976],[73.00859,33.6929389]]]}},{"type":"Feature","id":"osm-way-1381702169","properties":{"id":"osm-way-1381702169","sector":"F-10","height":6,"source":"OpenStreetMap"},"geometry":{"type":"Polygon","coordinates":[[[73.0088375,33.6925841],[73.0089949,33.6926611],[73.0088403,33.69288],[73.0086758,33.6927996],[73.0087051,33.6927581],[73.00873,33.6927703],[73.0087605,33.6927272],[73.0087425,33.6927184],[73.0088375,33.6925841]]]}},{"type":"Feature","id":"osm-way-1381702170","properties":{"id":"osm-way-1381702170","sector":"F-10","height":6,"source":"OpenStreetMap"},"geometry":{"type":"Polygon","coordinates":[[[73.0085272,33.6927391],[73.0086528,33.6925489],[73.0087074,33.6925738],[73.0087278,33.692543],[73.0087834,33.6925684],[73.0087551,33.6926112],[73.0087912,33.6926277],[73.0086734,33.692806],[73.0085272,33.6927391]]]}},{"type":"Feature","id":"osm-way-1381702171","properties":{"id":"osm-way-1381702171","sector":"F-10","height":6,"source":"OpenStreetMap"},"geometry":{"type":"Polygon","coordinates":[[[73.0086212,33.6928342],[73.0084953,33.6930258],[73.0083632,33.6929656],[73.0084891,33.6927741],[73.0086212,33.6928342]]]}},{"type":"Feature","id":"osm-way-1381702172","properties":{"id":"osm-way-1381702172","sector":"F-10","height":6,"source":"OpenStreetMap"},"geometry":{"type":"Polygon","coordinates":[[[73.0081943,33.6928621],[73.0083216,33.6926967],[73.0084472,33.6927636],[73.0083198,33.692929],[73.0081943,33.6928621]]]}},{"type":"Feature","id":"osm-way-1381702173","properties":{"id":"osm-way-1381702173","sector":"F-10","height":6,"source":"OpenStreetMap"},"geometry":{"type":"Polygon","coordinates":[[[73.0085001,33.6924527],[73.0086324,33.6925147],[73.008496,33.6927164],[73.0083636,33.6926544],[73.0085001,33.6924527]]]}},{"type":"Feature","id":"osm-way-1381702174","properties":{"id":"osm-way-1381702174","sector":"F-10","height":6,"source":"OpenStreetMap"},"geometry":{"type":"Polygon","coordinates":[[[73.0082108,33.6925725],[73.0083197,33.6923725],[73.0084476,33.6924207],[73.0083388,33.6926207],[73.0082108,33.6925725]]]}},{"type":"Feature","id":"osm-way-1381702175","properties":{"id":"osm-way-1381702175","sector":"F-10","height":6,"source":"OpenStreetMap"},"geometry":{"type":"Polygon","coordinates":[[[73.0082941,33.6926569],[73.008151,33.6928573],[73.0080053,33.6927852],[73.0081484,33.6925848],[73.0082941,33.6926569]]]}},{"type":"Feature","id":"osm-way-1381702176","properties":{"id":"osm-way-1381702176","sector":"F-10","height":6,"source":"OpenStreetMap"},"geometry":{"type":"Polygon","coordinates":[[[73.0088268,33.6928857],[73.008795,33.6929382],[73.008748,33.6929184],[73.0087798,33.692866],[73.0088268,33.6928857]]]}},{"type":"Feature","id":"osm-way-1381702177","properties":{"id":"osm-way-1381702177","sector":"F-10","height":6,"source":"OpenStreetMap"},"geometry":{"type":"Polygon","coordinates":[[[73.0098101,33.6933845],[73.0098316,33.6933391],[73.0099118,33.6933654],[73.0098903,33.6934108],[73.0098101,33.6933845]]]}},{"type":"Feature","id":"osm-way-1381702178","properties":{"id":"osm-way-1381702178","sector":"F-10","height":6,"source":"OpenStreetMap"},"geometry":{"type":"Polygon","coordinates":[[[73.0094879,33.6937855],[73.0095276,33.6937305],[73.0095699,33.6937517],[73.0095303,33.6938067],[73.0094879,33.6937855]]]}},{"type":"Feature","id":"osm-way-1381702179","properties":{"id":"osm-way-1381702179","sector":"F-10","height":6,"source":"OpenStreetMap"},"geometry":{"type":"Polygon","coordinates":[[[73.0088753,33.693461],[73.0088983,33.6934287],[73.008945,33.6934518],[73.008922,33.693484],[73.0088753,33.693461]]]}},{"type":"Feature","id":"osm-way-1381702180","properties":{"id":"osm-way-1381702180","sector":"F-10","height":6,"source":"OpenStreetMap"},"geometry":{"type":"Polygon","coordinates":[[[73.0080279,33.6929721],[73.0080338,33.6929496],[73.0081081,33.6929629],[73.0080885,33.6930387],[73.0080372,33.6930295],[73.008051,33.6929762],[73.0080279,33.6929721]]]}},{"type":"Feature","id":"osm-way-1381702181","properties":{"id":"osm-way-1381702181","sector":"F-10","height":6,"source":"OpenStreetMap"},"geometry":{"type":"Polygon","coordinates":[[[73.0092654,33.6934714],[73.0093088,33.6934219],[73.0093368,33.693439],[73.0092933,33.6934884],[73.0092654,33.6934714]]]}},{"type":"Feature","id":"osm-way-1381702182","properties":{"id":"osm-way-1381702182","sector":"F-10","height":6,"source":"OpenStreetMap"},"geometry":{"type":"Polygon","coordinates":[[[73.0087636,33.6926032],[73.0087865,33.6925767],[73.0088237,33.6925989],[73.0088009,33.6926254],[73.0087636,33.6926032]]]}},{"type":"Feature","id":"osm-way-1381702183","properties":{"id":"osm-way-1381702183","sector":"F-10","height":6,"source":"OpenStreetMap"},"geometry":{"type":"Polygon","coordinates":[[[73.0098006,33.6931374],[73.0098326,33.693153],[73.0098092,33.6931862],[73.0097772,33.6931706],[73.0098006,33.6931374]]]}},{"type":"Feature","id":"osm-way-1381702187","properties":{"id":"osm-way-1381702187","sector":"F-10","height":6,"source":"OpenStreetMap"},"geometry":{"type":"Polygon","coordinates":[[[73.0080392,33.6950413],[73.0079944,33.6951135],[73.0079351,33.695088],[73.0080085,33.69497],[73.0081079,33.6950129],[73.0080794,33.6950586],[73.0080392,33.6950413]]]}},{"type":"Feature","id":"osm-way-1381702857","properties":{"id":"osm-way-1381702857","sector":"nearby","height":6,"source":"OpenStreetMap"},"geometry":{"type":"Polygon","coordinates":[[[73.003507,33.6925042],[73.0033942,33.6926729],[73.003257,33.6926094],[73.0033698,33.6924407],[73.003507,33.6925042]]]}},{"type":"Feature","id":"osm-way-1381702885","properties":{"id":"osm-way-1381702885","sector":"nearby","height":6,"source":"OpenStreetMap"},"geometry":{"type":"Polygon","coordinates":[[[73.0035575,33.6930847],[73.003435,33.6932377],[73.003304,33.6931651],[73.0034265,33.6930121],[73.0035575,33.6930847]]]}},{"type":"Feature","id":"osm-way-1381702887","properties":{"id":"osm-way-1381702887","sector":"F-10","height":6,"source":"OpenStreetMap"},"geometry":{"type":"Polygon","coordinates":[[[73.003591,33.693286],[73.0035648,33.693333],[73.0034842,33.6933018],[73.0034633,33.6933392],[73.0034468,33.6933328],[73.003561,33.6931285],[73.0038047,33.6932228],[73.0037376,33.6933427],[73.003591,33.693286]]]}},{"type":"Feature","id":"osm-way-1381702888","properties":{"id":"osm-way-1381702888","sector":"F-10","height":6,"source":"OpenStreetMap"},"geometry":{"type":"Polygon","coordinates":[[[73.0041687,33.6928435],[73.0040872,33.6930074],[73.0040299,33.6929876],[73.0040148,33.6930181],[73.0039278,33.6929881],[73.0040245,33.6927938],[73.0041687,33.6928435]]]}},{"type":"Feature","id":"osm-way-1381702889","properties":{"id":"osm-way-1381702889","sector":"F-10","height":6,"source":"OpenStreetMap"},"geometry":{"type":"Polygon","coordinates":[[[73.0040097,33.6927617],[73.0038955,33.6929553],[73.0037625,33.692901],[73.0038767,33.6927074],[73.0040097,33.6927617]]]}},{"type":"Feature","id":"osm-way-1381702890","properties":{"id":"osm-way-1381702890","sector":"F-10","height":6,"source":"OpenStreetMap"},"geometry":{"type":"Polygon","coordinates":[[[73.0036799,33.6925867],[73.0036117,33.6926923],[73.0035846,33.6926803],[73.0035656,33.6927097],[73.003447,33.6926567],[73.0035342,33.6925216],[73.0036799,33.6925867]]]}},{"type":"Feature","id":"osm-way-1381702891","properties":{"id":"osm-way-1381702891","sector":"F-10","height":6,"source":"OpenStreetMap"},"geometry":{"type":"Polygon","coordinates":[[[73.003597,33.692778],[73.003696,33.692619],[73.0038313,33.6926773],[73.0037323,33.6928363],[73.003597,33.692778]]]}},{"type":"Feature","id":"osm-way-1381703038","properties":{"id":"osm-way-1381703038","sector":"F-10","height":6,"source":"OpenStreetMap"},"geometry":{"type":"Polygon","coordinates":[[[73.0042478,33.6907692],[73.0041281,33.6907089],[73.00426,33.6905277],[73.0043797,33.690588],[73.0042478,33.6907692]]]}},{"type":"Feature","id":"osm-way-1381703039","properties":{"id":"osm-way-1381703039","sector":"F-10","height":6,"source":"OpenStreetMap"},"geometry":{"type":"Polygon","coordinates":[[[73.0045102,33.6906646],[73.004391,33.6908274],[73.0042697,33.6907659],[73.0043889,33.6906031],[73.0045102,33.6906646]]]}},{"type":"Feature","id":"osm-way-1381703040","properties":{"id":"osm-way-1381703040","sector":"F-10","height":6,"source":"OpenStreetMap"},"geometry":{"type":"Polygon","coordinates":[[[73.0045254,33.690687],[73.0046376,33.6907271],[73.004555,33.6908873],[73.0044427,33.6908472],[73.0045254,33.690687]]]}},{"type":"Feature","id":"osm-way-1381703041","properties":{"id":"osm-way-1381703041","sector":"F-10","height":6,"source":"OpenStreetMap"},"geometry":{"type":"Polygon","coordinates":[[[73.0046627,33.6909427],[73.0046388,33.690975],[73.0045474,33.6909282],[73.0046769,33.6907536],[73.0047973,33.6908154],[73.0046919,33.6909577],[73.0046627,33.6909427]]]}},{"type":"Feature","id":"osm-way-1381703042","properties":{"id":"osm-way-1381703042","sector":"F-10","height":6,"source":"OpenStreetMap"},"geometry":{"type":"Polygon","coordinates":[[[73.0047034,33.6909923],[73.0048153,33.6908321],[73.0049276,33.6908864],[73.0048157,33.6910466],[73.0047034,33.6909923]]]}},{"type":"Feature","id":"osm-way-1381703043","properties":{"id":"osm-way-1381703043","sector":"F-10","height":6,"source":"OpenStreetMap"},"geometry":{"type":"Polygon","coordinates":[[[73.0050647,33.6909638],[73.0049607,33.6911311],[73.0048465,33.6910819],[73.0049505,33.6909146],[73.0050647,33.6909638]]]}},{"type":"Feature","id":"osm-way-1381703044","properties":{"id":"osm-way-1381703044","sector":"F-10","height":6,"source":"OpenStreetMap"},"geometry":{"type":"Polygon","coordinates":[[[73.0049896,33.6911459],[73.0050904,33.6909901],[73.0052027,33.6910404],[73.005102,33.6911961],[73.0049896,33.6911459]]]}},{"type":"Feature","id":"osm-way-1381703045","properties":{"id":"osm-way-1381703045","sector":"F-10","height":6,"source":"OpenStreetMap"},"geometry":{"type":"Polygon","coordinates":[[[73.0052964,33.6910825],[73.0052843,33.6911036],[73.0053268,33.6911206],[73.0052316,33.6912856],[73.0051161,33.6912395],[73.0052235,33.6910534],[73.0052964,33.6910825]]]}},{"type":"Feature","id":"osm-way-1381703046","properties":{"id":"osm-way-1381703046","sector":"F-10","height":6,"source":"OpenStreetMap"},"geometry":{"type":"Polygon","coordinates":[[[73.0055001,33.6911816],[73.0053774,33.6913562],[73.0052514,33.6912949],[73.0053741,33.6911203],[73.0055001,33.6911816]]]}},{"type":"Feature","id":"osm-way-1381703047","properties":{"id":"osm-way-1381703047","sector":"F-10","height":6,"source":"OpenStreetMap"},"geometry":{"type":"Polygon","coordinates":[[[73.005631,33.6912539],[73.005523,33.6914254],[73.0054051,33.691374],[73.0055132,33.6912025],[73.005631,33.6912539]]]}},{"type":"Feature","id":"osm-way-1381703048","properties":{"id":"osm-way-1381703048","sector":"F-10","height":6,"source":"OpenStreetMap"},"geometry":{"type":"Polygon","coordinates":[[[73.0059349,33.6913861],[73.0058456,33.6915083],[73.005782,33.6914761],[73.005757,33.6915104],[73.0057012,33.6914821],[73.0058155,33.6913257],[73.0059349,33.6913861]]]}},{"type":"Feature","id":"osm-way-1381703049","properties":{"id":"osm-way-1381703049","sector":"F-10","height":6,"source":"OpenStreetMap"},"geometry":{"type":"Polygon","coordinates":[[[73.0057901,33.691312],[73.0056652,33.691476],[73.0055504,33.6914155],[73.0056753,33.6912514],[73.0057901,33.691312]]]}},{"type":"Feature","id":"osm-way-1381703050","properties":{"id":"osm-way-1381703050","sector":"F-10","height":6,"source":"OpenStreetMap"},"geometry":{"type":"Polygon","coordinates":[[[73.0058435,33.6912875],[73.0059599,33.6911309],[73.0060762,33.6911908],[73.0059598,33.6913474],[73.0058435,33.6912875]]]}},{"type":"Feature","id":"osm-way-1381703051","properties":{"id":"osm-way-1381703051","sector":"F-10","height":6,"source":"OpenStreetMap"},"geometry":{"type":"Polygon","coordinates":[[[73.0055678,33.6911799],[73.0056896,33.6909849],[73.0059398,33.691093],[73.0058268,33.691274],[73.0056895,33.6912147],[73.0056807,33.6912287],[73.0055678,33.6911799]]]}},{"type":"Feature","id":"osm-way-1381703052","properties":{"id":"osm-way-1381703052","sector":"F-10","height":6,"source":"OpenStreetMap"},"geometry":{"type":"Polygon","coordinates":[[[73.0054055,33.6910871],[73.0055389,33.6909081],[73.0056571,33.6909691],[73.0055237,33.691148],[73.0054055,33.6910871]]]}},{"type":"Feature","id":"osm-way-1381703053","properties":{"id":"osm-way-1381703053","sector":"F-10","height":6,"source":"OpenStreetMap"},"geometry":{"type":"Polygon","coordinates":[[[73.0052749,33.6910263],[73.0053858,33.6908254],[73.0055086,33.6908723],[73.0053978,33.6910732],[73.0052749,33.6910263]]]}},{"type":"Feature","id":"osm-way-1381703054","properties":{"id":"osm-way-1381703054","sector":"F-10","height":6,"source":"OpenStreetMap"},"geometry":{"type":"Polygon","coordinates":[[[73.0051196,33.6909361],[73.0052241,33.6907957],[73.0053385,33.6908546],[73.005234,33.690995],[73.0051196,33.6909361]]]}},{"type":"Feature","id":"osm-way-1381703055","properties":{"id":"osm-way-1381703055","sector":"F-10","height":6,"source":"OpenStreetMap"},"geometry":{"type":"Polygon","coordinates":[[[73.0052035,33.6907586],[73.0051213,33.6909182],[73.0050012,33.6908753],[73.0050834,33.6907158],[73.0052035,33.6907586]]]}},{"type":"Feature","id":"osm-way-1381703056","properties":{"id":"osm-way-1381703056","sector":"F-10","height":6,"source":"OpenStreetMap"},"geometry":{"type":"Polygon","coordinates":[[[73.0048504,33.6907987],[73.0049655,33.6906202],[73.0050863,33.6906741],[73.0049712,33.6908526],[73.0048504,33.6907987]]]}},{"type":"Feature","id":"osm-way-1381703057","properties":{"id":"osm-way-1381703057","sector":"F-10","height":6,"source":"OpenStreetMap"},"geometry":{"type":"Polygon","coordinates":[[[73.0048351,33.6907814],[73.0047198,33.69074],[73.0048146,33.6905576],[73.0049298,33.690599],[73.0048351,33.6907814]]]}},{"type":"Feature","id":"osm-way-1381703058","properties":{"id":"osm-way-1381703058","sector":"F-10","height":6,"source":"OpenStreetMap"},"geometry":{"type":"Polygon","coordinates":[[[73.0044301,33.6905751],[73.0045569,33.6903819],[73.0046779,33.6904369],[73.0045511,33.6906301],[73.0044301,33.6905751]]]}},{"type":"Feature","id":"osm-way-1381703059","properties":{"id":"osm-way-1381703059","sector":"F-10","height":6,"source":"OpenStreetMap"},"geometry":{"type":"Polygon","coordinates":[[[73.004849,33.6904966],[73.0046852,33.6907257],[73.0045545,33.6906609],[73.0046952,33.6904642],[73.0047724,33.6905025],[73.0047956,33.6904701],[73.004849,33.6904966]]]}},{"type":"Feature","id":"osm-way-1381703379","properties":{"id":"osm-way-1381703379","sector":"F-10","height":6,"source":"OpenStreetMap"},"geometry":{"type":"Polygon","coordinates":[[[73.0038264,33.6910954],[73.0039534,33.691151],[73.0038501,33.6913141],[73.0037231,33.6912585],[73.0038264,33.6910954]]]}},{"type":"Feature","id":"osm-way-1381703380","properties":{"id":"osm-way-1381703380","sector":"F-10","height":6,"source":"OpenStreetMap"},"geometry":{"type":"Polygon","coordinates":[[[73.0039725,33.691176],[73.0040863,33.6912244],[73.0039812,33.6913953],[73.0038674,33.6913469],[73.0039725,33.691176]]]}},{"type":"Feature","id":"osm-way-1381703381","properties":{"id":"osm-way-1381703381","sector":"F-10","height":6,"source":"OpenStreetMap"},"geometry":{"type":"Polygon","coordinates":[[[73.004158,33.6914611],[73.0042595,33.6913208],[73.0043678,33.6913751],[73.0042663,33.6915154],[73.004158,33.6914611]]]}},{"type":"Feature","id":"osm-way-1381703382","properties":{"id":"osm-way-1381703382","sector":"F-10","height":6,"source":"OpenStreetMap"},"geometry":{"type":"Polygon","coordinates":[[[73.0042209,33.6913032],[73.0041124,33.6914711],[73.0040021,33.6914218],[73.0041106,33.6912539],[73.0042209,33.6913032]]]}},{"type":"Feature","id":"osm-way-1381703383","properties":{"id":"osm-way-1381703383","sector":"F-10","height":6,"source":"OpenStreetMap"},"geometry":{"type":"Polygon","coordinates":[[[73.0043767,33.6913928],[73.004506,33.6914413],[73.0044176,33.6916045],[73.0042883,33.691556],[73.0043767,33.6913928]]]}},{"type":"Feature","id":"osm-way-1381703384","properties":{"id":"osm-way-1381703384","sector":"F-10","height":6,"source":"OpenStreetMap"},"geometry":{"type":"Polygon","coordinates":[[[73.0046492,33.6915101],[73.0045363,33.6916851],[73.0044176,33.6916321],[73.0045305,33.6914571],[73.0046492,33.6915101]]]}},{"type":"Feature","id":"osm-way-1381703385","properties":{"id":"osm-way-1381703385","sector":"F-10","height":6,"source":"OpenStreetMap"},"geometry":{"type":"Polygon","coordinates":[[[73.0046951,33.6917714],[73.0048061,33.6916068],[73.0049285,33.6916639],[73.0048175,33.6918286],[73.0046951,33.6917714]]]}},{"type":"Feature","id":"osm-way-1381703386","properties":{"id":"osm-way-1381703386","sector":"F-10","height":6,"source":"OpenStreetMap"},"geometry":{"type":"Polygon","coordinates":[[[73.0047179,33.6916968],[73.0046958,33.6916862],[73.0046528,33.6917481],[73.0045492,33.6916984],[73.0046665,33.6915293],[73.0047923,33.6915897],[73.0047179,33.6916968]]]}},{"type":"Feature","id":"osm-way-1381703387","properties":{"id":"osm-way-1381703387","sector":"F-10","height":6,"source":"OpenStreetMap"},"geometry":{"type":"Polygon","coordinates":[[[73.0049595,33.6916808],[73.0050757,33.6917425],[73.0049524,33.6919032],[73.0048361,33.6918415],[73.0049595,33.6916808]]]}},{"type":"Feature","id":"osm-way-1381703388","properties":{"id":"osm-way-1381703388","sector":"F-10","height":6,"source":"OpenStreetMap"},"geometry":{"type":"Polygon","coordinates":[[[73.005105,33.6917285],[73.0052226,33.6917779],[73.0051439,33.6919078],[73.0050263,33.6918584],[73.005105,33.6917285]]]}},{"type":"Feature","id":"osm-way-1381703389","properties":{"id":"osm-way-1381703389","sector":"F-10","height":6,"source":"OpenStreetMap"},"geometry":{"type":"Polygon","coordinates":[[[73.00525,33.691809],[73.0053717,33.6918684],[73.0052745,33.6920062],[73.0051528,33.6919467],[73.00525,33.691809]]]}},{"type":"Feature","id":"osm-way-1381703390","properties":{"id":"osm-way-1381703390","sector":"F-10","height":6,"source":"OpenStreetMap"},"geometry":{"type":"Polygon","coordinates":[[[73.0055093,33.6916787],[73.0054521,33.691776],[73.0054283,33.6917663],[73.0053976,33.6918185],[73.0052829,33.6917718],[73.0053708,33.6916223],[73.0055093,33.6916787]]]}},{"type":"Feature","id":"osm-way-1381703391","properties":{"id":"osm-way-1381703391","sector":"F-10","height":6,"source":"OpenStreetMap"},"geometry":{"type":"Polygon","coordinates":[[[73.0052414,33.6915589],[73.0053614,33.6916244],[73.0052539,33.6917607],[73.0051339,33.6916952],[73.0052414,33.6915589]]]}},{"type":"Feature","id":"osm-way-1381703392","properties":{"id":"osm-way-1381703392","sector":"F-10","height":6,"source":"OpenStreetMap"},"geometry":{"type":"Polygon","coordinates":[[[73.005207,33.691534],[73.0051098,33.6917027],[73.0050051,33.6916609],[73.0051024,33.6914922],[73.005207,33.691534]]]}},{"type":"Feature","id":"osm-way-1381703393","properties":{"id":"osm-way-1381703393","sector":"F-10","height":6,"source":"OpenStreetMap"},"geometry":{"type":"Polygon","coordinates":[[[73.0050802,33.6914798],[73.0049692,33.6916378],[73.0048433,33.6915765],[73.0049543,33.6914185],[73.0050802,33.6914798]]]}},{"type":"Feature","id":"osm-way-1381703394","properties":{"id":"osm-way-1381703394","sector":"F-10","height":6,"source":"OpenStreetMap"},"geometry":{"type":"Polygon","coordinates":[[[73.0048796,33.6913799],[73.0048877,33.6913681],[73.0049404,33.691393],[73.0048258,33.6915606],[73.0047002,33.6915011],[73.0048067,33.6913454],[73.0048796,33.6913799]]]}},{"type":"Feature","id":"osm-way-1381703395","properties":{"id":"osm-way-1381703395","sector":"F-10","height":6,"source":"OpenStreetMap"},"geometry":{"type":"Polygon","coordinates":[[[73.0046771,33.6912757],[73.0047884,33.6913333],[73.0046765,33.691483],[73.0045652,33.6914254],[73.0046771,33.6912757]]]}},{"type":"Feature","id":"osm-way-1381703396","properties":{"id":"osm-way-1381703396","sector":"F-10","height":6,"source":"OpenStreetMap"},"geometry":{"type":"Polygon","coordinates":[[[73.0045282,33.69121],[73.0046424,33.6912613],[73.0045458,33.6914098],[73.0044317,33.6913585],[73.0045282,33.69121]]]}},{"type":"Feature","id":"osm-way-1381703397","properties":{"id":"osm-way-1381703397","sector":"F-10","height":6,"source":"OpenStreetMap"},"geometry":{"type":"Polygon","coordinates":[[[73.0042857,33.6912795],[73.0043922,33.6911306],[73.0045031,33.6911855],[73.0043966,33.6913345],[73.0042857,33.6912795]]]}},{"type":"Feature","id":"osm-way-1381703398","properties":{"id":"osm-way-1381703398","sector":"F-10","height":6,"source":"OpenStreetMap"},"geometry":{"type":"Polygon","coordinates":[[[73.0041523,33.6912026],[73.0042677,33.6910516],[73.0043831,33.6911127],[73.0042677,33.6912637],[73.0041523,33.6912026]]]}},{"type":"Feature","id":"osm-way-1381703399","properties":{"id":"osm-way-1381703399","sector":"F-10","height":6,"source":"OpenStreetMap"},"geometry":{"type":"Polygon","coordinates":[[[73.0041304,33.6909765],[73.0042423,33.6910364],[73.0041227,33.6911911],[73.0040108,33.6911312],[73.0041304,33.6909765]]]}},{"type":"Feature","id":"osm-way-1381703400","properties":{"id":"osm-way-1381703400","sector":"F-10","height":6,"source":"OpenStreetMap"},"geometry":{"type":"Polygon","coordinates":[[[73.003869,33.691056],[73.0039841,33.6909009],[73.0041006,33.6909608],[73.0039854,33.6911158],[73.003869,33.691056]]]}},{"type":"Feature","id":"osm-way-1381703401","properties":{"id":"osm-way-1381703401","sector":"F-10","height":6,"source":"OpenStreetMap"},"geometry":{"type":"Polygon","coordinates":[[[73.0034599,33.6916294],[73.0035689,33.6914411],[73.0036908,33.6914899],[73.0035818,33.6916783],[73.0034599,33.6916294]]]}},{"type":"Feature","id":"osm-way-1381703402","properties":{"id":"osm-way-1381703402","sector":"nearby","height":6,"source":"OpenStreetMap"},"geometry":{"type":"Polygon","coordinates":[[[73.0033124,33.6918448],[73.0034382,33.6916749],[73.0035413,33.6917277],[73.0034155,33.6918976],[73.0033124,33.6918448]]]}},{"type":"Feature","id":"osm-way-1381703403","properties":{"id":"osm-way-1381703403","sector":"F-10","height":6,"source":"OpenStreetMap"},"geometry":{"type":"Polygon","coordinates":[[[73.0036782,33.6917851],[73.0035407,33.6919641],[73.0034245,33.6919023],[73.003562,33.6917233],[73.0036782,33.6917851]]]}},{"type":"Feature","id":"osm-way-1381703404","properties":{"id":"osm-way-1381703404","sector":"F-10","height":6,"source":"OpenStreetMap"},"geometry":{"type":"Polygon","coordinates":[[[73.0036544,33.6915853],[73.0036886,33.6915973],[73.0037145,33.6915461],[73.0038011,33.6915764],[73.0037186,33.6917395],[73.0035979,33.6916972],[73.0036544,33.6915853]]]}},{"type":"Feature","id":"osm-way-1381703405","properties":{"id":"osm-way-1381703405","sector":"F-10","height":6,"source":"OpenStreetMap"},"geometry":{"type":"Polygon","coordinates":[[[73.003999,33.6916386],[73.0039676,33.6916803],[73.0039502,33.6916713],[73.0038389,33.6918195],[73.003727,33.6917613],[73.0038553,33.6915907],[73.0039295,33.6916293],[73.003944,33.69161],[73.003999,33.6916386]]]}},{"type":"Feature","id":"osm-way-1381703406","properties":{"id":"osm-way-1381703406","sector":"F-10","height":6,"source":"OpenStreetMap"},"geometry":{"type":"Polygon","coordinates":[[[73.0035958,33.6919498],[73.0036919,33.6917977],[73.0038159,33.6918519],[73.0037198,33.692004],[73.0035958,33.6919498]]]}},{"type":"Feature","id":"osm-way-1381703407","properties":{"id":"osm-way-1381703407","sector":"F-10","height":6,"source":"OpenStreetMap"},"geometry":{"type":"Polygon","coordinates":[[[73.0038243,33.6918713],[73.0039523,33.6919207],[73.0038479,33.6921081],[73.0037199,33.6920587],[73.0038243,33.6918713]]]}},{"type":"Feature","id":"osm-way-1381703408","properties":{"id":"osm-way-1381703408","sector":"F-10","height":6,"source":"OpenStreetMap"},"geometry":{"type":"Polygon","coordinates":[[[73.0040819,33.692],[73.0039681,33.6921749],[73.003856,33.6921245],[73.0039698,33.6919495],[73.0040819,33.692]]]}},{"type":"Feature","id":"osm-way-1381703409","properties":{"id":"osm-way-1381703409","sector":"F-10","height":6,"source":"OpenStreetMap"},"geometry":{"type":"Polygon","coordinates":[[[73.0040022,33.6919078],[73.0041316,33.6917392],[73.0042487,33.6918015],[73.0041193,33.69197],[73.0040022,33.6919078]]]}},{"type":"Feature","id":"osm-way-1381703410","properties":{"id":"osm-way-1381703410","sector":"F-10","height":6,"source":"OpenStreetMap"},"geometry":{"type":"Polygon","coordinates":[[[73.0038663,33.6918385],[73.0039932,33.6916598],[73.0041124,33.6917185],[73.0039856,33.6918971],[73.0038663,33.6918385]]]}},{"type":"Feature","id":"osm-way-1381703411","properties":{"id":"osm-way-1381703411","sector":"F-10","height":6,"source":"OpenStreetMap"},"geometry":{"type":"Polygon","coordinates":[[[73.0041371,33.6920229],[73.0042378,33.6920959],[73.0041164,33.6922118],[73.0040158,33.6921389],[73.0041371,33.6920229]]]}},{"type":"Feature","id":"osm-way-1381703412","properties":{"id":"osm-way-1381703412","sector":"F-10","height":6,"source":"OpenStreetMap"},"geometry":{"type":"Polygon","coordinates":[[[73.0042493,33.6920874],[73.0043719,33.6921444],[73.0042668,33.6923009],[73.0041932,33.6922666],[73.0042126,33.6922377],[73.0041636,33.6922149],[73.0042493,33.6920874]]]}},{"type":"Feature","id":"osm-way-1381703413","properties":{"id":"osm-way-1381703413","sector":"F-10","height":6,"source":"OpenStreetMap"},"geometry":{"type":"Polygon","coordinates":[[[73.0042723,33.6918229],[73.0043833,33.6918849],[73.0042556,33.6920435],[73.0041445,33.6919816],[73.0042723,33.6918229]]]}},{"type":"Feature","id":"osm-way-1381703414","properties":{"id":"osm-way-1381703414","sector":"F-10","height":6,"source":"OpenStreetMap"},"geometry":{"type":"Polygon","coordinates":[[[73.0045291,33.6919339],[73.0044119,33.6921202],[73.0042877,33.6920661],[73.0044049,33.6918798],[73.0045291,33.6919339]]]}},{"type":"Feature","id":"osm-way-1381703415","properties":{"id":"osm-way-1381703415","sector":"F-10","height":6,"source":"OpenStreetMap"},"geometry":{"type":"Polygon","coordinates":[[[73.0044172,33.6921287],[73.0045518,33.6919573],[73.0046101,33.691989],[73.0045983,33.692004],[73.0046538,33.6920342],[73.0045444,33.6921734],[73.0044871,33.6921422],[73.0044736,33.6921594],[73.0044172,33.6921287]]]}},{"type":"Feature","id":"osm-way-1381703416","properties":{"id":"osm-way-1381703416","sector":"F-10","height":6,"source":"OpenStreetMap"},"geometry":{"type":"Polygon","coordinates":[[[73.0045033,33.6922207],[73.0044448,33.6923401],[73.0044034,33.692326],[73.0043743,33.6923853],[73.0042904,33.6923568],[73.004378,33.6921782],[73.0045033,33.6922207]]]}},{"type":"Feature","id":"osm-way-1381703417","properties":{"id":"osm-way-1381703417","sector":"F-10","height":6,"source":"OpenStreetMap"},"geometry":{"type":"Polygon","coordinates":[[[73.0044249,33.6923884],[73.0045347,33.6922354],[73.0046514,33.6922934],[73.0045416,33.6924464],[73.0044249,33.6923884]]]}},{"type":"Feature","id":"osm-way-1381703418","properties":{"id":"osm-way-1381703418","sector":"F-10","height":6,"source":"OpenStreetMap"},"geometry":{"type":"Polygon","coordinates":[[[73.0045209,33.6925231],[73.0045505,33.6924821],[73.0045525,33.6924831],[73.0046731,33.6923156],[73.0047875,33.6923726],[73.0046374,33.6925812],[73.0045209,33.6925231]]]}},{"type":"Feature","id":"osm-way-1381703419","properties":{"id":"osm-way-1381703419","sector":"F-10","height":6,"source":"OpenStreetMap"},"geometry":{"type":"Polygon","coordinates":[[[73.0048051,33.6923828],[73.0049334,33.6924408],[73.0048126,33.6926258],[73.0046842,33.6925677],[73.0048051,33.6923828]]]}},{"type":"Feature","id":"osm-way-1381703420","properties":{"id":"osm-way-1381703420","sector":"F-10","height":6,"source":"OpenStreetMap"},"geometry":{"type":"Polygon","coordinates":[[[73.004978,33.6921784],[73.0050946,33.6922364],[73.0049687,33.6924117],[73.0048521,33.6923538],[73.004978,33.6921784]]]}},{"type":"Feature","id":"osm-way-1381703421","properties":{"id":"osm-way-1381703421","sector":"F-10","height":6,"source":"OpenStreetMap"},"geometry":{"type":"Polygon","coordinates":[[[73.0047121,33.6922812],[73.0048499,33.6921065],[73.0049643,33.6921689],[73.0048265,33.6923436],[73.0047121,33.6922812]]]}},{"type":"Feature","id":"osm-way-1381703422","properties":{"id":"osm-way-1381703422","sector":"F-10","height":6,"source":"OpenStreetMap"},"geometry":{"type":"Polygon","coordinates":[[[73.0048,33.6920825],[73.0046909,33.6922589],[73.0045743,33.692209],[73.0046834,33.6920325],[73.0048,33.6920825]]]}},{"type":"Feature","id":"osm-way-1381703423","properties":{"id":"osm-way-1381703423","sector":"F-10","height":6,"source":"OpenStreetMap"},"geometry":{"type":"Polygon","coordinates":[[[73.0056224,33.6924589],[73.0055149,33.692605],[73.0051968,33.6924431],[73.0053353,33.6922547],[73.0054934,33.6923352],[73.0054624,33.6923774],[73.0056224,33.6924589]]]}},{"type":"Feature","id":"osm-way-1381703424","properties":{"id":"osm-way-1381703424","sector":"F-10","height":6,"source":"OpenStreetMap"},"geometry":{"type":"Polygon","coordinates":[[[73.0050459,33.6926366],[73.0051492,33.6924735],[73.0053056,33.6925421],[73.0052022,33.6927052],[73.0050459,33.6926366]]]}},{"type":"Feature","id":"osm-way-1381703425","properties":{"id":"osm-way-1381703425","sector":"F-10","height":6,"source":"OpenStreetMap"},"geometry":{"type":"Polygon","coordinates":[[[73.0051018,33.6924018],[73.0051819,33.6922766],[73.005255,33.6923089],[73.005175,33.6924342],[73.0051018,33.6924018]]]}},{"type":"Feature","id":"osm-way-1381703426","properties":{"id":"osm-way-1381703426","sector":"F-10","height":6,"source":"OpenStreetMap"},"geometry":{"type":"Polygon","coordinates":[[[73.0057539,33.6917735],[73.0059024,33.691837],[73.005801,33.6920012],[73.0056525,33.6919377],[73.0057539,33.6917735]]]}},{"type":"Feature","id":"osm-way-1381703427","properties":{"id":"osm-way-1381703427","sector":"F-10","height":6,"source":"OpenStreetMap"},"geometry":{"type":"Polygon","coordinates":[[[73.0059807,33.6921049],[73.0060797,33.6919322],[73.006237,33.6919947],[73.006138,33.6921674],[73.0059807,33.6921049]]]}},{"type":"Feature","id":"osm-way-1381703428","properties":{"id":"osm-way-1381703428","sector":"F-10","height":6,"source":"OpenStreetMap"},"geometry":{"type":"Polygon","coordinates":[[[73.0058464,33.6919735],[73.0059309,33.6918496],[73.0060729,33.6919166],[73.0059636,33.692077],[73.0057992,33.6919994],[73.0058241,33.691963],[73.0058464,33.6919735]]]}},{"type":"Feature","id":"osm-way-1381703647","properties":{"id":"osm-way-1381703647","sector":"F-10","height":6,"source":"OpenStreetMap"},"geometry":{"type":"Polygon","coordinates":[[[73.009623,33.6895623],[73.0095395,33.6897077],[73.0093495,33.6896323],[73.0094496,33.6894578],[73.0095151,33.6894838],[73.0094984,33.6895129],[73.009623,33.6895623]]]}},{"type":"Feature","id":"osm-way-1381703648","properties":{"id":"osm-way-1381703648","sector":"F-10","height":6,"source":"OpenStreetMap"},"geometry":{"type":"Polygon","coordinates":[[[73.0093035,33.6893825],[73.0092002,33.6895366],[73.0091123,33.6894957],[73.0092155,33.6893417],[73.0092808,33.689372],[73.0093035,33.6893825]]]}},{"type":"Feature","id":"osm-way-1381703649","properties":{"id":"osm-way-1381703649","sector":"F-10","height":6,"source":"OpenStreetMap"},"geometry":{"type":"Polygon","coordinates":[[[73.0092117,33.6895495],[73.0092987,33.6894235],[73.0093807,33.6894627],[73.0092936,33.6895887],[73.0092117,33.6895495]]]}},{"type":"Feature","id":"osm-way-1381703650","properties":{"id":"osm-way-1381703650","sector":"F-10","height":6,"source":"OpenStreetMap"},"geometry":{"type":"Polygon","coordinates":[[[73.0088979,33.6893852],[73.0090442,33.6891845],[73.0092325,33.6892795],[73.0090862,33.6894802],[73.0088979,33.6893852]]]}},{"type":"Feature","id":"osm-way-1381703651","properties":{"id":"osm-way-1381703651","sector":"F-10","height":6,"source":"OpenStreetMap"},"geometry":{"type":"Polygon","coordinates":[[[73.008677,33.6892685],[73.008768,33.6891385],[73.0088061,33.6891569],[73.0088271,33.6891269],[73.0089295,33.6891766],[73.0089873,33.6892046],[73.0088753,33.6893646],[73.008677,33.6892685]]]}},{"type":"Feature","id":"osm-way-1381703652","properties":{"id":"osm-way-1381703652","sector":"F-10","height":6,"source":"OpenStreetMap"},"geometry":{"type":"Polygon","coordinates":[[[73.0085529,33.6889496],[73.0087876,33.689057],[73.0087594,33.6890997],[73.0086743,33.6892284],[73.00865,33.6892652],[73.008405,33.689153],[73.0084792,33.6890408],[73.0084895,33.6890455],[73.0085529,33.6889496]]]}},{"type":"Feature","id":"osm-way-1381703653","properties":{"id":"osm-way-1381703653","sector":"F-10","height":6,"source":"OpenStreetMap"},"geometry":{"type":"Polygon","coordinates":[[[73.0084141,33.6895503],[73.0084743,33.6895277],[73.0085336,33.6896371],[73.0084734,33.6896597],[73.0084141,33.6895503]]]}},{"type":"Feature","id":"osm-way-1381703654","properties":{"id":"osm-way-1381703654","sector":"F-10","height":6,"source":"OpenStreetMap"},"geometry":{"type":"Polygon","coordinates":[[[73.0092889,33.6909247],[73.0091703,33.6908226],[73.0092771,33.6907367],[73.0094165,33.6908567],[73.0093749,33.6908902],[73.0093541,33.6908723],[73.0092889,33.6909247]]]}},{"type":"Feature","id":"osm-way-1381703655","properties":{"id":"osm-way-1381703655","sector":"F-10","height":6,"source":"OpenStreetMap"},"geometry":{"type":"Polygon","coordinates":[[[73.0084663,33.6916063],[73.0084966,33.6915597],[73.0084708,33.6915481],[73.0085584,33.6914135],[73.0087388,33.6914948],[73.0086208,33.691676],[73.0084663,33.6916063]]]}},{"type":"Feature","id":"osm-way-1381703656","properties":{"id":"osm-way-1381703656","sector":"F-10","height":6,"source":"OpenStreetMap"},"geometry":{"type":"Polygon","coordinates":[[[73.008731,33.6915972],[73.0087996,33.6915021],[73.0089858,33.6915952],[73.0088479,33.6917862],[73.0086568,33.6916906],[73.008726,33.6915947],[73.008731,33.6915972]]]}},{"type":"Feature","id":"osm-way-1381703657","properties":{"id":"osm-way-1381703657","sector":"F-10","height":6,"source":"OpenStreetMap"},"geometry":{"type":"Polygon","coordinates":[[[73.0086747,33.6920324],[73.008487,33.6919439],[73.008605,33.6917708],[73.0087927,33.6918593],[73.0086747,33.6920324]]]}},{"type":"Feature","id":"osm-way-1381703658","properties":{"id":"osm-way-1381703658","sector":"F-10","height":6,"source":"OpenStreetMap"},"geometry":{"type":"Polygon","coordinates":[[[73.0089654,33.6919669],[73.0091533,33.6920353],[73.009107,33.6921233],[73.0089191,33.6920549],[73.0089654,33.6919669]]]}},{"type":"Feature","id":"osm-way-1381703659","properties":{"id":"osm-way-1381703659","sector":"F-10","height":6,"source":"OpenStreetMap"},"geometry":{"type":"Polygon","coordinates":[[[73.008861,33.6921688],[73.0088506,33.692187],[73.0087883,33.6921623],[73.0088123,33.6921205],[73.0088407,33.6921318],[73.0088793,33.6920645],[73.0090715,33.6921409],[73.0090194,33.6922317],[73.008861,33.6921688]]]}},{"type":"Feature","id":"osm-way-1381703660","properties":{"id":"osm-way-1381703660","sector":"F-10","height":6,"source":"OpenStreetMap"},"geometry":{"type":"Polygon","coordinates":[[[73.0096092,33.692257],[73.0095018,33.6924414],[73.009302,33.6923608],[73.0094094,33.6921765],[73.0096092,33.692257]]]}},{"type":"Feature","id":"osm-way-1381703661","properties":{"id":"osm-way-1381703661","sector":"F-10","height":6,"source":"OpenStreetMap"},"geometry":{"type":"Polygon","coordinates":[[[73.0092233,33.6920083],[73.0093248,33.6918503],[73.0094594,33.6919101],[73.0094767,33.6918832],[73.0095466,33.6919142],[73.0095226,33.6919516],[73.009651,33.6920086],[73.0095562,33.6921562],[73.0092233,33.6920083]]]}},{"type":"Feature","id":"osm-way-1381703662","properties":{"id":"osm-way-1381703662","sector":"F-10","height":6,"source":"OpenStreetMap"},"geometry":{"type":"Polygon","coordinates":[[[73.0090235,33.6918902],[73.009161,33.69169],[73.009349,33.6917794],[73.0092115,33.6919796],[73.0090235,33.6918902]]]}},{"type":"Feature","id":"osm-way-1381703663","properties":{"id":"osm-way-1381703663","sector":"F-10","height":6,"source":"OpenStreetMap"},"geometry":{"type":"Polygon","coordinates":[[[73.0093856,33.6921508],[73.0092572,33.6923155],[73.0090703,33.6922208],[73.0091945,33.6920561],[73.0093856,33.6921508]]]}},{"type":"Feature","id":"osm-way-1381703664","properties":{"id":"osm-way-1381703664","sector":"F-10","height":6,"source":"OpenStreetMap"},"geometry":{"type":"Polygon","coordinates":[[[73.0082414,33.6918359],[73.0083167,33.6917268],[73.0085084,33.6918183],[73.0084332,33.6919274],[73.0082414,33.6918359]]]}},{"type":"Feature","id":"osm-way-1381703665","properties":{"id":"osm-way-1381703665","sector":"F-10","height":6,"source":"OpenStreetMap"},"geometry":{"type":"Polygon","coordinates":[[[73.0068443,33.6898445],[73.0072,33.6900058],[73.0071301,33.6901125],[73.0072935,33.6901866],[73.0073346,33.6901239],[73.0075174,33.6902068],[73.0073671,33.6904364],[73.0072855,33.6903994],[73.0072731,33.6904184],[73.0073381,33.6904479],[73.0072085,33.6906457],[73.0070174,33.6905591],[73.007121,33.6904008],[73.0070475,33.6903674],[73.006874,33.6906324],[73.0066733,33.6905414],[73.006857,33.690261],[73.0067982,33.6902343],[73.0067148,33.6903616],[73.006571,33.6902964],[73.0067096,33.6900847],[73.0066508,33.6900581],[73.0066839,33.6900075],[73.0067253,33.6900262],[73.0068443,33.6898445]]]}},{"type":"Feature","id":"osm-way-1381703666","properties":{"id":"osm-way-1381703666","sector":"F-10","height":6,"source":"OpenStreetMap"},"geometry":{"type":"Polygon","coordinates":[[[73.0074824,33.6899175],[73.0070944,33.6897396],[73.0069946,33.6898902],[73.0069226,33.6898572],[73.006943,33.6898264],[73.0069175,33.6898147],[73.0070586,33.6896017],[73.007152,33.6896445],[73.0071463,33.6896531],[73.0077389,33.6899247],[73.0076794,33.6900145],[73.0076045,33.6899802],[73.0075512,33.6900606],[73.0075759,33.6900719],[73.0075458,33.6901174],[73.0075787,33.6901325],[73.0075385,33.6901932],[73.0073554,33.6901092],[73.0074824,33.6899175]]]}},{"type":"Feature","id":"osm-way-1381703667","properties":{"id":"osm-way-1381703667","sector":"F-10","height":6,"source":"OpenStreetMap"},"geometry":{"type":"Polygon","coordinates":[[[73.0091976,33.6889785],[73.0093461,33.6887834],[73.0094388,33.6888322],[73.0094394,33.6888314],[73.0094616,33.6888431],[73.0095313,33.6888798],[73.0094545,33.6889807],[73.0093634,33.6891004],[73.0093224,33.6890789],[73.0093412,33.6890541],[73.0091976,33.6889785]]]}},{"type":"Feature","id":"osm-way-1381703668","properties":{"id":"osm-way-1381703668","sector":"F-10","height":6,"source":"OpenStreetMap"},"geometry":{"type":"Polygon","coordinates":[[[73.0092939,33.6887899],[73.0091842,33.6889449],[73.0091432,33.6889247],[73.0091279,33.6889463],[73.0089686,33.6888682],[73.0090935,33.6886917],[73.0091615,33.688725],[73.0092802,33.6887832],[73.0092939,33.6887899]]]}},{"type":"Feature","id":"osm-way-1381703669","properties":{"id":"osm-way-1381703669","sector":"F-10","height":6,"source":"OpenStreetMap"},"geometry":{"type":"Polygon","coordinates":[[[73.009282,33.6884546],[73.0094724,33.6885486],[73.009357,33.6887104],[73.0091666,33.6886163],[73.009282,33.6884546]]]}},{"type":"Feature","id":"osm-way-1381703670","properties":{"id":"osm-way-1381703670","sector":"F-10","height":6,"source":"OpenStreetMap"},"geometry":{"type":"Polygon","coordinates":[[[73.0088694,33.6884916],[73.0088902,33.6884572],[73.0089811,33.6883073],[73.0089988,33.688278],[73.0091143,33.6883264],[73.0090906,33.6883656],[73.0092168,33.6884185],[73.0091554,33.6885198],[73.009124,33.6885716],[73.0091111,33.6885929],[73.0088694,33.6884916]]]}},{"type":"Feature","id":"osm-way-1381703671","properties":{"id":"osm-way-1381703671","sector":"nearby","height":6,"source":"OpenStreetMap"},"geometry":{"type":"Polygon","coordinates":[[[73.0089254,33.688201],[73.0090081,33.6882292],[73.008978,33.6882903],[73.0089375,33.6882765],[73.0088542,33.6884457],[73.0087339,33.6884047],[73.0087957,33.6882791],[73.008835,33.6881992],[73.0089131,33.6882258],[73.0089254,33.688201]]]}},{"type":"Feature","id":"osm-way-1381703672","properties":{"id":"osm-way-1381703672","sector":"nearby","height":6,"source":"OpenStreetMap"},"geometry":{"type":"Polygon","coordinates":[[[73.0085456,33.6883344],[73.0086856,33.6881089],[73.0088,33.688158],[73.0088251,33.6881175],[73.0088484,33.6881275],[73.0086833,33.6883936],[73.0085456,33.6883344]]]}},{"type":"Feature","id":"osm-way-1381703673","properties":{"id":"osm-way-1381703673","sector":"nearby","height":6,"source":"OpenStreetMap"},"geometry":{"type":"Polygon","coordinates":[[[73.0086835,33.6880799],[73.0086602,33.6881177],[73.0086243,33.688176],[73.0085458,33.6883035],[73.0083949,33.6882392],[73.0084301,33.6881821],[73.0084724,33.6881134],[73.0085327,33.6880156],[73.0086835,33.6880799]]]}},{"type":"Feature","id":"osm-way-1381704128","properties":{"id":"osm-way-1381704128","sector":"F-10","height":6,"source":"OpenStreetMap"},"geometry":{"type":"Polygon","coordinates":[[[73.0033984,33.6924018],[73.0035395,33.6922141],[73.0036822,33.6922883],[73.0035411,33.692476],[73.0033984,33.6924018]]]}},{"type":"Feature","id":"osm-way-1381704129","properties":{"id":"osm-way-1381704129","sector":"F-10","height":6,"source":"OpenStreetMap"},"geometry":{"type":"Polygon","coordinates":[[[73.0035689,33.6924933],[73.0036969,33.6923177],[73.0038254,33.6923824],[73.0036974,33.6925581],[73.0035689,33.6924933]]]}},{"type":"Feature","id":"osm-way-1381704130","properties":{"id":"osm-way-1381704130","sector":"F-10","height":6,"source":"OpenStreetMap"},"geometry":{"type":"Polygon","coordinates":[[[73.0037346,33.6925838],[73.0038466,33.6924015],[73.0039997,33.6924666],[73.0038877,33.6926489],[73.0037346,33.6925838]]]}},{"type":"Feature","id":"osm-way-1381704131","properties":{"id":"osm-way-1381704131","sector":"F-10","height":6,"source":"OpenStreetMap"},"geometry":{"type":"Polygon","coordinates":[[[73.0040574,33.6927528],[73.004063,33.6927442],[73.0039144,33.6926776],[73.0040073,33.692534],[73.0039803,33.6925219],[73.0040154,33.6924676],[73.0042462,33.6925711],[73.0042301,33.6925959],[73.0043226,33.6926374],[73.004205,33.692819],[73.0040574,33.6927528]]]}},{"type":"Feature","id":"osm-way-1381704132","properties":{"id":"osm-way-1381704132","sector":"F-10","height":6,"source":"OpenStreetMap"},"geometry":{"type":"Polygon","coordinates":[[[73.0040168,33.6921639],[73.0041268,33.6922102],[73.0040987,33.6922564],[73.0039887,33.6922101],[73.0040168,33.6921639]]]}},{"type":"Feature","id":"osm-way-1381704133","properties":{"id":"osm-way-1381704133","sector":"F-10","height":6,"source":"OpenStreetMap"},"geometry":{"type":"Polygon","coordinates":[[[73.0041202,33.6922676],[73.0041553,33.6922178],[73.0042052,33.6922421],[73.0041701,33.6922919],[73.0041202,33.6922676]]]}},{"type":"Feature","id":"osm-way-1381704134","properties":{"id":"osm-way-1381704134","sector":"F-10","height":6,"source":"OpenStreetMap"},"geometry":{"type":"Polygon","coordinates":[[[73.0044575,33.6917808],[73.0044452,33.6918028],[73.004496,33.6918224],[73.004479,33.691853],[73.0043929,33.6918198],[73.0044221,33.6917671],[73.0044575,33.6917808]]]}},{"type":"Feature","id":"osm-way-1381704135","properties":{"id":"osm-way-1381704135","sector":"F-10","height":6,"source":"OpenStreetMap"},"geometry":{"type":"Polygon","coordinates":[[[73.0059342,33.6921405],[73.0060834,33.6922014],[73.0059805,33.6923759],[73.0058313,33.692315],[73.0059342,33.6921405]]]}},{"type":"Feature","id":"osm-way-1381704136","properties":{"id":"osm-way-1381704136","sector":"F-10","height":6,"source":"OpenStreetMap"},"geometry":{"type":"Polygon","coordinates":[[[73.0060142,33.6923986],[73.0060863,33.6922237],[73.0062447,33.6922689],[73.0061608,33.6924726],[73.0060912,33.6924527],[73.006103,33.692424],[73.0060142,33.6923986]]]}},{"type":"Feature","id":"osm-way-1381704137","properties":{"id":"osm-way-1381704137","sector":"F-10","height":6,"source":"OpenStreetMap"},"geometry":{"type":"Polygon","coordinates":[[[73.0057034,33.6925139],[73.0058632,33.6925908],[73.0057504,33.692753],[73.0055906,33.6926761],[73.0057034,33.6925139]]]}},{"type":"Feature","id":"osm-way-1381705235","properties":{"id":"osm-way-1381705235","sector":"F-10","height":6,"source":"OpenStreetMap"},"geometry":{"type":"Polygon","coordinates":[[[73.004349,33.6928674],[73.0043366,33.6928893],[73.0042861,33.6928696],[73.0043883,33.6926886],[73.00453,33.692744],[73.0044402,33.6929031],[73.004349,33.6928674]]]}},{"type":"Feature","id":"osm-way-1381705236","properties":{"id":"osm-way-1381705236","sector":"F-10","height":6,"source":"OpenStreetMap"},"geometry":{"type":"Polygon","coordinates":[[[73.0052162,33.6928735],[73.0051927,33.6929129],[73.0052433,33.6929338],[73.0052209,33.6929714],[73.0052069,33.6929657],[73.0051412,33.6930761],[73.0050292,33.6930299],[73.0050405,33.6930109],[73.0048628,33.6929377],[73.0049034,33.6928696],[73.0049324,33.6928816],[73.0049921,33.6927812],[73.0052162,33.6928735]]]}},{"type":"Feature","id":"osm-way-1381705237","properties":{"id":"osm-way-1381705237","sector":"F-10","height":6,"source":"OpenStreetMap"},"geometry":{"type":"Polygon","coordinates":[[[73.0063925,33.6924728],[73.0064787,33.6923245],[73.0066841,33.6924071],[73.0066511,33.692464],[73.0066598,33.6924674],[73.0066066,33.6925589],[73.0063925,33.6924728]]]}},{"type":"Feature","id":"osm-way-1381705238","properties":{"id":"osm-way-1381705238","sector":"F-10","height":6,"source":"OpenStreetMap"},"geometry":{"type":"Polygon","coordinates":[[[73.0066276,33.6921811],[73.006707,33.6920699],[73.0069033,33.692167],[73.0068239,33.6922782],[73.0066276,33.6921811]]]}},{"type":"Feature","id":"osm-way-1381705239","properties":{"id":"osm-way-1381705239","sector":"F-10","height":6,"source":"OpenStreetMap"},"geometry":{"type":"Polygon","coordinates":[[[73.0063993,33.6920854],[73.0063129,33.6922493],[73.0061588,33.6921931],[73.0062452,33.6920292],[73.0063993,33.6920854]]]}},{"type":"Feature","id":"osm-way-1381705240","properties":{"id":"osm-way-1381705240","sector":"F-10","height":6,"source":"OpenStreetMap"},"geometry":{"type":"Polygon","coordinates":[[[73.0070032,33.6920214],[73.0069243,33.6921386],[73.0067406,33.6920529],[73.0068196,33.6919358],[73.0070032,33.6920214]]]}},{"type":"Feature","id":"osm-way-1381705241","properties":{"id":"osm-way-1381705241","sector":"F-10","height":6,"source":"OpenStreetMap"},"geometry":{"type":"Polygon","coordinates":[[[73.0062555,33.6917731],[73.0062829,33.6917323],[73.0062604,33.6917218],[73.006346,33.6915942],[73.0064902,33.6916612],[73.0063772,33.6918297],[73.0062555,33.6917731]]]}},{"type":"Feature","id":"osm-way-1381705242","properties":{"id":"osm-way-1381705242","sector":"F-10","height":6,"source":"OpenStreetMap"},"geometry":{"type":"Polygon","coordinates":[[[73.006315,33.6915834],[73.006235,33.691699],[73.0062592,33.6917106],[73.0062313,33.6917508],[73.0060541,33.6916658],[73.006162,33.69151],[73.006315,33.6915834]]]}},{"type":"Feature","id":"osm-way-1381705243","properties":{"id":"osm-way-1381705243","sector":"F-10","height":6,"source":"OpenStreetMap"},"geometry":{"type":"Polygon","coordinates":[[[73.0063195,33.6913095],[73.0064706,33.6913779],[73.0063585,33.6915494],[73.0062074,33.691481],[73.0063195,33.6913095]]]}},{"type":"Feature","id":"osm-way-1381705244","properties":{"id":"osm-way-1381705244","sector":"F-10","height":6,"source":"OpenStreetMap"},"geometry":{"type":"Polygon","coordinates":[[[73.0066563,33.6914845],[73.0067432,33.6915331],[73.0067226,33.6915585],[73.0067735,33.691587],[73.0066686,33.6917168],[73.0065309,33.6916398],[73.0066563,33.6914845]]]}},{"type":"Feature","id":"osm-way-1381705245","properties":{"id":"osm-way-1381705245","sector":"F-10","height":6,"source":"OpenStreetMap"},"geometry":{"type":"Polygon","coordinates":[[[73.0061139,33.6895123],[73.0063027,33.6896033],[73.0061591,33.6898095],[73.0059703,33.6897185],[73.0061139,33.6895123]]]}},{"type":"Feature","id":"osm-way-1381705246","properties":{"id":"osm-way-1381705246","sector":"F-10","height":6,"source":"OpenStreetMap"},"geometry":{"type":"Polygon","coordinates":[[[73.0060793,33.6894841],[73.0059509,33.6896896],[73.0058314,33.689638],[73.0058332,33.6896351],[73.0057508,33.6895995],[73.0058775,33.6893968],[73.0060793,33.6894841]]]}},{"type":"Feature","id":"osm-way-1381705247","properties":{"id":"osm-way-1381705247","sector":"F-10","height":6,"source":"OpenStreetMap"},"geometry":{"type":"Polygon","coordinates":[[[73.0063069,33.6892592],[73.0065058,33.6893606],[73.0064401,33.6894498],[73.0062411,33.6893484],[73.0063069,33.6892592]]]}},{"type":"Feature","id":"osm-way-1381705248","properties":{"id":"osm-way-1381705248","sector":"F-10","height":6,"source":"OpenStreetMap"},"geometry":{"type":"Polygon","coordinates":[[[73.0064245,33.6894593],[73.0063422,33.6895848],[73.0062749,33.6895542],[73.0062873,33.6895353],[73.0061509,33.6894733],[73.0062208,33.6893667],[73.0064245,33.6894593]]]}},{"type":"Feature","id":"osm-way-1381705249","properties":{"id":"osm-way-1381705249","sector":"F-10","height":6,"source":"OpenStreetMap"},"geometry":{"type":"Polygon","coordinates":[[[73.0057246,33.6903709],[73.0056689,33.6904753],[73.0054785,33.6904049],[73.0055342,33.6903005],[73.0057246,33.6903709]]]}},{"type":"Feature","id":"osm-way-1381705250","properties":{"id":"osm-way-1381705250","sector":"F-10","height":6,"source":"OpenStreetMap"},"geometry":{"type":"Polygon","coordinates":[[[73.0065564,33.688838],[73.006441,33.6890314],[73.0062465,33.6889511],[73.0063683,33.6887469],[73.0064716,33.6887896],[73.0064652,33.6888003],[73.0065564,33.688838]]]}},{"type":"Feature","id":"osm-way-1381705251","properties":{"id":"osm-way-1381705251","sector":"F-10","height":6,"source":"OpenStreetMap"},"geometry":{"type":"Polygon","coordinates":[[[73.0067772,33.6889669],[73.0066474,33.6891408],[73.0064751,33.6890518],[73.0065059,33.6890106],[73.0064942,33.6890046],[73.0065933,33.6888718],[73.0067772,33.6889669]]]}},{"type":"Feature","id":"osm-way-1381705252","properties":{"id":"osm-way-1381705252","sector":"F-10","height":6,"source":"OpenStreetMap"},"geometry":{"type":"Polygon","coordinates":[[[73.0068191,33.6888412],[73.0067827,33.6888903],[73.0066416,33.6888179],[73.0067267,33.6887032],[73.0068316,33.688757],[73.006783,33.6888226],[73.0068191,33.6888412]]]}},{"type":"Feature","id":"osm-way-1381705253","properties":{"id":"osm-way-1381705253","sector":"F-10","height":6,"source":"OpenStreetMap"},"geometry":{"type":"Polygon","coordinates":[[[73.0067593,33.6885074],[73.0065928,33.6887338],[73.0064855,33.6886791],[73.0065051,33.6886525],[73.0064161,33.6886071],[73.0065009,33.6884919],[73.0064728,33.6884776],[73.0063916,33.688588],[73.0061894,33.688485],[73.0063184,33.6883097],[73.006464,33.6883838],[73.006501,33.6883335],[73.0065974,33.6883826],[73.0065747,33.6884134],[73.0067593,33.6885074]]]}},{"type":"Feature","id":"osm-way-1381713158","properties":{"id":"osm-way-1381713158","sector":"F-10","height":6,"source":"OpenStreetMap"},"geometry":{"type":"Polygon","coordinates":[[[73.0072005,33.6890833],[73.0071723,33.6891401],[73.0072394,33.6891689],[73.0072302,33.6891952],[73.0070653,33.6891812],[73.0069573,33.6893117],[73.0068712,33.6892798],[73.0070662,33.6889984],[73.0072005,33.6890833]]]}},{"type":"Feature","id":"osm-way-1385282296","properties":{"id":"osm-way-1385282296","sector":"F-7","height":6,"source":"OpenStreetMap"},"geometry":{"type":"Polygon","coordinates":[[[73.0549139,33.7156032],[73.0552143,33.7157639],[73.0552953,33.715659],[73.0549949,33.7154984],[73.0549139,33.7156032]]]}},{"type":"Feature","id":"osm-way-1385282297","properties":{"id":"osm-way-1385282297","sector":"F-7","height":6,"source":"OpenStreetMap"},"geometry":{"type":"Polygon","coordinates":[[[73.0556166,33.7160852],[73.055681,33.715929],[73.0552723,33.7158124],[73.0552079,33.7159686],[73.0553667,33.7160139],[73.0554931,33.71605],[73.0556166,33.7160852]]]}},{"type":"Feature","id":"osm-way-1385282300","properties":{"id":"osm-way-1385282300","sector":"F-7","height":6,"source":"OpenStreetMap"},"geometry":{"type":"Polygon","coordinates":[[[73.0570167,33.7140415],[73.0570731,33.7139612],[73.0568964,33.7138755],[73.0568401,33.7139558],[73.0570167,33.7140415]]]}},{"type":"Feature","id":"osm-way-1385282301","properties":{"id":"osm-way-1385282301","sector":"F-7","height":6,"source":"OpenStreetMap"},"geometry":{"type":"Polygon","coordinates":[[[73.0569014,33.7141798],[73.0569738,33.7140816],[73.0567915,33.7139886],[73.0567191,33.7140867],[73.0569014,33.7141798]]]}},{"type":"Feature","id":"osm-way-1385282302","properties":{"id":"osm-way-1385282302","sector":"F-7","height":6,"source":"OpenStreetMap"},"geometry":{"type":"Polygon","coordinates":[[[73.0568102,33.7142981],[73.0568773,33.714211],[73.0566869,33.7141095],[73.0566198,33.7141965],[73.0568102,33.7142981]]]}},{"type":"Feature","id":"osm-way-1385282303","properties":{"id":"osm-way-1385282303","sector":"F-7","height":6,"source":"OpenStreetMap"},"geometry":{"type":"Polygon","coordinates":[[[73.056719,33.7144408],[73.0567887,33.7143404],[73.0565861,33.7142431],[73.0565164,33.7143435],[73.056719,33.7144408]]]}},{"type":"Feature","id":"osm-way-1385282304","properties":{"id":"osm-way-1385282304","sector":"F-7","height":6,"source":"OpenStreetMap"},"geometry":{"type":"Polygon","coordinates":[[[73.0561075,33.7136957],[73.0561799,33.7135796],[73.0560462,33.7135219],[73.0559738,33.7136379],[73.0561075,33.7136957]]]}},{"type":"Feature","id":"osm-way-1385282305","properties":{"id":"osm-way-1385282305","sector":"F-7","height":6,"source":"OpenStreetMap"},"geometry":{"type":"Polygon","coordinates":[[[73.0563596,33.7137626],[73.0564561,33.7136443],[73.056356,33.7135878],[73.0562595,33.713706],[73.0563596,33.7137626]]]}},{"type":"Feature","id":"osm-way-1385282306","properties":{"id":"osm-way-1385282306","sector":"F-7","height":6,"source":"OpenStreetMap"},"geometry":{"type":"Polygon","coordinates":[[[73.0565125,33.7138808],[73.0566519,33.7137113],[73.0565118,33.7136315],[73.0563724,33.7138011],[73.0565125,33.7138808]]]}},{"type":"Feature","id":"osm-way-1385282307","properties":{"id":"osm-way-1385282307","sector":"F-7","height":6,"source":"OpenStreetMap"},"geometry":{"type":"Polygon","coordinates":[[[73.0566707,33.71395],[73.0567861,33.7138072],[73.0566978,33.7137579],[73.0565825,33.7139007],[73.0566707,33.71395]]]}},{"type":"Feature","id":"osm-way-1385282308","properties":{"id":"osm-way-1385282308","sector":"F-7","height":6,"source":"OpenStreetMap"},"geometry":{"type":"Polygon","coordinates":[[[73.0564964,33.7141932],[73.0565688,33.7140928],[73.056458,33.7140375],[73.0563855,33.7141379],[73.0564964,33.7141932]]]}},{"type":"Feature","id":"osm-way-1385282309","properties":{"id":"osm-way-1385282309","sector":"F-7","height":6,"source":"OpenStreetMap"},"geometry":{"type":"Polygon","coordinates":[[[73.0563006,33.7141753],[73.0564266,33.7140147],[73.0562756,33.7139327],[73.0561495,33.7140933],[73.0563006,33.7141753]]]}},{"type":"Feature","id":"osm-way-1385282310","properties":{"id":"osm-way-1385282310","sector":"F-7","height":6,"source":"OpenStreetMap"},"geometry":{"type":"Polygon","coordinates":[[[73.0560029,33.7140192],[73.0561048,33.7140616],[73.0561954,33.7139107],[73.0560935,33.7138683],[73.0560029,33.7140192]]]}},{"type":"Feature","id":"osm-way-1385282311","properties":{"id":"osm-way-1385282311","sector":"F-7","height":6,"source":"OpenStreetMap"},"geometry":{"type":"Polygon","coordinates":[[[73.0558044,33.7138608],[73.0559278,33.713921],[73.0560093,33.7138055],[73.0558859,33.7137452],[73.0558044,33.7138608]]]}},{"type":"Feature","id":"osm-way-1385282312","properties":{"id":"osm-way-1385282312","sector":"F-7","height":6,"source":"OpenStreetMap"},"geometry":{"type":"Polygon","coordinates":[[[73.0556139,33.7137447],[73.055748,33.7138161],[73.0558346,33.7137036],[73.0557005,33.7136322],[73.0556139,33.7137447]]]}},{"type":"Feature","id":"osm-way-1385282313","properties":{"id":"osm-way-1385282313","sector":"F-7","height":6,"source":"OpenStreetMap"},"geometry":{"type":"Polygon","coordinates":[[[73.055402,33.7136198],[73.0555522,33.7136845],[73.0556176,33.7135796],[73.0554674,33.7135149],[73.055402,33.7136198]]]}},{"type":"Feature","id":"osm-way-1385282314","properties":{"id":"osm-way-1385282314","sector":"F-7","height":6,"source":"OpenStreetMap"},"geometry":{"type":"Polygon","coordinates":[[[73.0556247,33.7135283],[73.055799,33.713303],[73.0556193,33.7132068],[73.055445,33.7134321],[73.0556247,33.7135283]]]}},{"type":"Feature","id":"osm-way-1385282315","properties":{"id":"osm-way-1385282315","sector":"F-7","height":6,"source":"OpenStreetMap"},"geometry":{"type":"Polygon","coordinates":[[[73.0558553,33.7136421],[73.0560055,33.7134168],[73.0558324,33.7133369],[73.0556822,33.7135622],[73.0558553,33.7136421]]]}},{"type":"Feature","id":"osm-way-1385282316","properties":{"id":"osm-way-1385282316","sector":"nearby","height":6,"source":"OpenStreetMap"},"geometry":{"type":"Polygon","coordinates":[[[73.0554181,33.7133588],[73.0555764,33.7131713],[73.0554171,33.7130783],[73.0552589,33.7132657],[73.0554181,33.7133588]]]}},{"type":"Feature","id":"osm-way-1385282352","properties":{"id":"osm-way-1385282352","sector":"nearby","height":6,"source":"OpenStreetMap"},"geometry":{"type":"Polygon","coordinates":[[[73.0567914,33.7134971],[73.0570328,33.7131602],[73.0568165,33.713053],[73.0565751,33.7133899],[73.0567914,33.7134971]]]}},{"type":"Feature","id":"osm-way-1385282353","properties":{"id":"osm-way-1385282353","sector":"F-7","height":6,"source":"OpenStreetMap"},"geometry":{"type":"Polygon","coordinates":[[[73.0576658,33.714066],[73.0577973,33.7138808],[73.0576202,33.7137939],[73.0574888,33.7139791],[73.0576658,33.714066]]]}},{"type":"Feature","id":"osm-way-1385282354","properties":{"id":"osm-way-1385282354","sector":"F-7","height":6,"source":"OpenStreetMap"},"geometry":{"type":"Polygon","coordinates":[[[73.0578965,33.7141285],[73.0579716,33.7140437],[73.0578434,33.7139651],[73.0577683,33.7140499],[73.0578965,33.7141285]]]}},{"type":"Feature","id":"osm-way-1385282355","properties":{"id":"osm-way-1385282355","sector":"F-7","height":6,"source":"OpenStreetMap"},"geometry":{"type":"Polygon","coordinates":[[[73.0581352,33.7142289],[73.0582881,33.7140392],[73.0581621,33.713969],[73.0580092,33.7141586],[73.0581352,33.7142289]]]}},{"type":"Feature","id":"osm-way-1385282356","properties":{"id":"osm-way-1385282356","sector":"F-7","height":6,"source":"OpenStreetMap"},"geometry":{"type":"Polygon","coordinates":[[[73.0583739,33.7143137],[73.0584651,33.7141687],[73.0583235,33.714107],[73.0582323,33.714252],[73.0583739,33.7143137]]]}},{"type":"Feature","id":"osm-way-1385282357","properties":{"id":"osm-way-1385282357","sector":"F-7","height":6,"source":"OpenStreetMap"},"geometry":{"type":"Polygon","coordinates":[[[73.057808,33.7150254],[73.0579314,33.7148514],[73.0577889,33.7147815],[73.0576656,33.7149555],[73.057808,33.7150254]]]}},{"type":"Feature","id":"osm-way-1385282358","properties":{"id":"osm-way-1385282358","sector":"F-7","height":6,"source":"OpenStreetMap"},"geometry":{"type":"Polygon","coordinates":[[[73.0576256,33.7149138],[73.0577704,33.7147175],[73.0575878,33.7146243],[73.057443,33.7148206],[73.0576256,33.7149138]]]}},{"type":"Feature","id":"osm-way-1385282359","properties":{"id":"osm-way-1385282359","sector":"F-7","height":6,"source":"OpenStreetMap"},"geometry":{"type":"Polygon","coordinates":[[[73.0574164,33.7148045],[73.0575666,33.7146015],[73.057402,33.7145172],[73.0572518,33.7147202],[73.0574164,33.7148045]]]}},{"type":"Feature","id":"osm-way-1385282360","properties":{"id":"osm-way-1385282360","sector":"F-7","height":6,"source":"OpenStreetMap"},"geometry":{"type":"Polygon","coordinates":[[[73.0571964,33.7146863],[73.0573601,33.7144922],[73.0572021,33.7144001],[73.0570385,33.7145942],[73.0571964,33.7146863]]]}},{"type":"Feature","id":"osm-way-1385282361","properties":{"id":"osm-way-1385282361","sector":"F-7","height":6,"source":"OpenStreetMap"},"geometry":{"type":"Polygon","coordinates":[[[73.0573708,33.7144163],[73.0575317,33.71422],[73.0573588,33.7141219],[73.0571979,33.7143183],[73.0573708,33.7144163]]]}},{"type":"Feature","id":"osm-way-1385282362","properties":{"id":"osm-way-1385282362","sector":"F-7","height":6,"source":"OpenStreetMap"},"geometry":{"type":"Polygon","coordinates":[[[73.0576095,33.7145189],[73.0577302,33.7143382],[73.0575728,33.7142655],[73.0574521,33.7144462],[73.0576095,33.7145189]]]}},{"type":"Feature","id":"osm-way-1385282363","properties":{"id":"osm-way-1385282363","sector":"F-7","height":6,"source":"OpenStreetMap"},"geometry":{"type":"Polygon","coordinates":[[[73.0578402,33.7146171],[73.057985,33.7144185],[73.0578259,33.7143382],[73.057681,33.7145368],[73.0578402,33.7146171]]]}},{"type":"Feature","id":"osm-way-1385282364","properties":{"id":"osm-way-1385282364","sector":"F-7","height":6,"source":"OpenStreetMap"},"geometry":{"type":"Polygon","coordinates":[[[73.0580467,33.7148067],[73.0581915,33.7145747],[73.0579999,33.7144919],[73.057855,33.714724],[73.0580467,33.7148067]]]}},{"type":"Feature","id":"osm-way-1385282365","properties":{"id":"osm-way-1385282365","sector":"F-7","height":6,"source":"OpenStreetMap"},"geometry":{"type":"Polygon","coordinates":[[[73.0581754,33.7148023],[73.0583337,33.7149036],[73.0584946,33.7147295],[73.0583364,33.7146283],[73.0581754,33.7148023]]]}},{"type":"Feature","id":"osm-way-1385282366","properties":{"id":"osm-way-1385282366","sector":"F-7","height":6,"source":"OpenStreetMap"},"geometry":{"type":"Polygon","coordinates":[[[73.0581084,33.7151191],[73.0582479,33.7149183],[73.0580869,33.7148409],[73.0579474,33.7150417],[73.0581084,33.7151191]]]}},{"type":"Feature","id":"osm-way-1385282440","properties":{"id":"osm-way-1385282440","sector":"F-7","height":6,"source":"OpenStreetMap"},"geometry":{"type":"Polygon","coordinates":[[[73.0590203,33.7201634],[73.0591703,33.719963],[73.058981,33.719865],[73.058831,33.7200654],[73.0590203,33.7201634]]]}},{"type":"Feature","id":"osm-way-1385282441","properties":{"id":"osm-way-1385282441","sector":"F-7","height":6,"source":"OpenStreetMap"},"geometry":{"type":"Polygon","coordinates":[[[73.0592296,33.720275],[73.0593684,33.7200894],[73.059223,33.7200142],[73.0590841,33.7201997],[73.0592296,33.720275]]]}},{"type":"Feature","id":"osm-way-1385282442","properties":{"id":"osm-way-1385282442","sector":"F-7","height":6,"source":"OpenStreetMap"},"geometry":{"type":"Polygon","coordinates":[[[73.0594844,33.7203709],[73.0596181,33.7201922],[73.0594335,33.7200966],[73.0592998,33.7202754],[73.0594844,33.7203709]]]}},{"type":"Feature","id":"osm-way-1385282443","properties":{"id":"osm-way-1385282443","sector":"nearby","height":6,"source":"OpenStreetMap"},"geometry":{"type":"Polygon","coordinates":[[[73.0596748,33.720507],[73.059827,33.7203036],[73.0596573,33.7202157],[73.0595051,33.7204191],[73.0596748,33.720507]]]}},{"type":"Feature","id":"osm-way-1385282452","properties":{"id":"osm-way-1385282452","sector":"nearby","height":6,"source":"OpenStreetMap"},"geometry":{"type":"Polygon","coordinates":[[[73.0589077,33.7204289],[73.0590454,33.7205002],[73.0591683,33.7203359],[73.0590306,33.7202646],[73.0589077,33.7204289]]]}},{"type":"Feature","id":"osm-way-1385282453","properties":{"id":"osm-way-1385282453","sector":"F-7","height":6,"source":"OpenStreetMap"},"geometry":{"type":"Polygon","coordinates":[[[73.0586797,33.7202906],[73.0588329,33.7203699],[73.0589531,33.7202092],[73.0587999,33.7201299],[73.0586797,33.7202906]]]}},{"type":"Feature","id":"osm-way-1385282454","properties":{"id":"osm-way-1385282454","sector":"F-7","height":6,"source":"OpenStreetMap"},"geometry":{"type":"Polygon","coordinates":[[[73.057124,33.7191885],[73.0572887,33.7192798],[73.0574285,33.7191053],[73.0572639,33.719014],[73.057124,33.7191885]]]}},{"type":"Feature","id":"osm-way-1385282455","properties":{"id":"osm-way-1385282455","sector":"F-7","height":6,"source":"OpenStreetMap"},"geometry":{"type":"Polygon","coordinates":[[[73.0574217,33.7191818],[73.0576068,33.7192844],[73.0577013,33.7191665],[73.0575162,33.7190639],[73.0574217,33.7191818]]]}},{"type":"Feature","id":"osm-way-1385282456","properties":{"id":"osm-way-1385282456","sector":"F-7","height":6,"source":"OpenStreetMap"},"geometry":{"type":"Polygon","coordinates":[[[73.0575854,33.7194161],[73.0577715,33.7195124],[73.0578973,33.7193441],[73.0577112,33.7192478],[73.0575854,33.7194161]]]}},{"type":"Feature","id":"osm-way-1385282457","properties":{"id":"osm-way-1385282457","sector":"F-7","height":6,"source":"OpenStreetMap"},"geometry":{"type":"Polygon","coordinates":[[[73.0578241,33.7195343],[73.057966,33.7196077],[73.0581017,33.7194264],[73.0579597,33.719353],[73.0578241,33.7195343]]]}},{"type":"Feature","id":"osm-way-1385282458","properties":{"id":"osm-way-1385282458","sector":"F-7","height":6,"source":"OpenStreetMap"},"geometry":{"type":"Polygon","coordinates":[[[73.0580413,33.7196392],[73.0582117,33.7197295],[73.0583441,33.7195568],[73.0581737,33.7194664],[73.0580413,33.7196392]]]}},{"type":"Feature","id":"osm-way-1385282459","properties":{"id":"osm-way-1385282459","sector":"F-7","height":6,"source":"OpenStreetMap"},"geometry":{"type":"Polygon","coordinates":[[[73.0582774,33.7197641],[73.0584022,33.7198287],[73.0585434,33.7196399],[73.0585191,33.7196273],[73.058443,33.7195879],[73.0584186,33.7195753],[73.0582774,33.7197641]]]}},{"type":"Feature","id":"osm-way-1385282460","properties":{"id":"osm-way-1385282460","sector":"F-7","height":6,"source":"OpenStreetMap"},"geometry":{"type":"Polygon","coordinates":[[[73.0581111,33.7199916],[73.0582491,33.7200682],[73.0583919,33.71989],[73.0582538,33.7198135],[73.0581111,33.7199916]]]}},{"type":"Feature","id":"osm-way-1385282461","properties":{"id":"osm-way-1385282461","sector":"F-7","height":6,"source":"OpenStreetMap"},"geometry":{"type":"Polygon","coordinates":[[[73.0578375,33.7198823],[73.058012,33.7199791],[73.0581602,33.7197943],[73.0579856,33.7196975],[73.0578375,33.7198823]]]}},{"type":"Feature","id":"osm-way-1385282462","properties":{"id":"osm-way-1385282462","sector":"F-7","height":6,"source":"OpenStreetMap"},"geometry":{"type":"Polygon","coordinates":[[[73.057647,33.7197752],[73.0577931,33.7198508],[73.0579264,33.7196725],[73.0579023,33.71966],[73.0577804,33.7195969],[73.057647,33.7197752]]]}},{"type":"Feature","id":"osm-way-1385282463","properties":{"id":"osm-way-1385282463","sector":"F-7","height":6,"source":"OpenStreetMap"},"geometry":{"type":"Polygon","coordinates":[[[73.057411,33.7196548],[73.0575678,33.7197379],[73.0576898,33.7195788],[73.057533,33.7194956],[73.057411,33.7196548]]]}},{"type":"Feature","id":"osm-way-1385282464","properties":{"id":"osm-way-1385282464","sector":"F-7","height":6,"source":"OpenStreetMap"},"geometry":{"type":"Polygon","coordinates":[[[73.0571964,33.7195566],[73.0573292,33.7196253],[73.0574683,33.7194394],[73.0573355,33.7193707],[73.0571964,33.7195566]]]}},{"type":"Feature","id":"osm-way-1385282465","properties":{"id":"osm-way-1385282465","sector":"F-7","height":6,"source":"OpenStreetMap"},"geometry":{"type":"Polygon","coordinates":[[[73.0569121,33.7193848],[73.0571453,33.7195055],[73.0572803,33.7193251],[73.0570471,33.7192044],[73.0569121,33.7193848]]]}},{"type":"Feature","id":"osm-way-1385282467","properties":{"id":"osm-way-1385282467","sector":"nearby","height":6,"source":"OpenStreetMap"},"geometry":{"type":"Polygon","coordinates":[[[73.0602998,33.7202794],[73.0604168,33.7203415],[73.0605465,33.7201723],[73.0605063,33.72015],[73.0604294,33.7201103],[73.0602998,33.7202794]]]}},{"type":"Feature","id":"osm-way-1385282468","properties":{"id":"osm-way-1385282468","sector":"F-7","height":6,"source":"OpenStreetMap"},"geometry":{"type":"Polygon","coordinates":[[[73.0591712,33.7196654],[73.0592883,33.7197275],[73.059418,33.7195583],[73.0593777,33.719536],[73.0593009,33.7194962],[73.0591712,33.7196654]]]}},{"type":"Feature","id":"osm-way-1385282469","properties":{"id":"osm-way-1385282469","sector":"F-7","height":6,"source":"OpenStreetMap"},"geometry":{"type":"Polygon","coordinates":[[[73.0593389,33.7197613],[73.0594559,33.7198234],[73.0595856,33.7196542],[73.0595454,33.7196319],[73.0594685,33.7195921],[73.0593389,33.7197613]]]}},{"type":"Feature","id":"osm-way-1385282470","properties":{"id":"osm-way-1385282470","sector":"F-7","height":6,"source":"OpenStreetMap"},"geometry":{"type":"Polygon","coordinates":[[[73.0595119,33.7198371],[73.059629,33.7198992],[73.0597586,33.7197301],[73.0597184,33.7197078],[73.0596415,33.719668],[73.0595119,33.7198371]]]}},{"type":"Feature","id":"osm-way-1385282471","properties":{"id":"osm-way-1385282471","sector":"F-7","height":6,"source":"OpenStreetMap"},"geometry":{"type":"Polygon","coordinates":[[[73.0596674,33.7199308],[73.0597845,33.7199929],[73.0599142,33.7198238],[73.059874,33.7198015],[73.0597971,33.7197617],[73.0596674,33.7199308]]]}},{"type":"Feature","id":"osm-way-1385282472","properties":{"id":"osm-way-1385282472","sector":"F-7","height":6,"source":"OpenStreetMap"},"geometry":{"type":"Polygon","coordinates":[[[73.059823,33.7200245],[73.0599401,33.7200866],[73.0600698,33.7199175],[73.0600295,33.7198952],[73.0599527,33.7198554],[73.059823,33.7200245]]]}},{"type":"Feature","id":"osm-way-1385282473","properties":{"id":"osm-way-1385282473","sector":"F-7","height":6,"source":"OpenStreetMap"},"geometry":{"type":"Polygon","coordinates":[[[73.0599866,33.720116],[73.0601037,33.7201781],[73.0602334,33.7200089],[73.0601931,33.7199866],[73.0601163,33.7199468],[73.0599866,33.720116]]]}},{"type":"Feature","id":"osm-way-1385282474","properties":{"id":"osm-way-1385282474","sector":"F-7","height":6,"source":"OpenStreetMap"},"geometry":{"type":"Polygon","coordinates":[[[73.0601516,33.7201952],[73.0602687,33.7202573],[73.0603983,33.7200881],[73.0603581,33.7200658],[73.0602812,33.720026],[73.0601516,33.7201952]]]}},{"type":"Feature","id":"osm-way-1385282476","properties":{"id":"osm-way-1385282476","sector":"F-7","height":6,"source":"OpenStreetMap"},"geometry":{"type":"Polygon","coordinates":[[[73.0601355,33.7198873],[73.0602526,33.7199494],[73.0603822,33.7197803],[73.060342,33.7197579],[73.0602651,33.7197182],[73.0601355,33.7198873]]]}},{"type":"Feature","id":"osm-way-1385282477","properties":{"id":"osm-way-1385282477","sector":"F-7","height":6,"source":"OpenStreetMap"},"geometry":{"type":"Polygon","coordinates":[[[73.0599719,33.7197959],[73.0600889,33.719858],[73.0602186,33.7196888],[73.0601784,33.7196665],[73.0601015,33.7196267],[73.0599719,33.7197959]]]}},{"type":"Feature","id":"osm-way-1385282478","properties":{"id":"osm-way-1385282478","sector":"F-7","height":6,"source":"OpenStreetMap"},"geometry":{"type":"Polygon","coordinates":[[[73.0598163,33.7197022],[73.0599334,33.7197643],[73.060063,33.7195951],[73.0600228,33.7195728],[73.0599459,33.719533],[73.0598163,33.7197022]]]}},{"type":"Feature","id":"osm-way-1385282479","properties":{"id":"osm-way-1385282479","sector":"F-7","height":6,"source":"OpenStreetMap"},"geometry":{"type":"Polygon","coordinates":[[[73.0596607,33.7196085],[73.0597778,33.7196706],[73.0599075,33.7195014],[73.0598672,33.7194791],[73.0597904,33.7194393],[73.0596607,33.7196085]]]}},{"type":"Feature","id":"osm-way-1385282480","properties":{"id":"osm-way-1385282480","sector":"F-7","height":6,"source":"OpenStreetMap"},"geometry":{"type":"Polygon","coordinates":[[[73.0594877,33.7195326],[73.0596048,33.7195947],[73.0597345,33.7194255],[73.0596942,33.7194032],[73.0596174,33.7193634],[73.0594877,33.7195326]]]}},{"type":"Feature","id":"osm-way-1385282481","properties":{"id":"osm-way-1385282481","sector":"F-7","height":6,"source":"OpenStreetMap"},"geometry":{"type":"Polygon","coordinates":[[[73.0593201,33.7194367],[73.0594372,33.7194988],[73.0595668,33.7193296],[73.0595266,33.7193073],[73.0594497,33.7192675],[73.0593201,33.7194367]]]}},{"type":"Feature","id":"osm-way-1385282484","properties":{"id":"osm-way-1385282484","sector":"nearby","height":6,"source":"OpenStreetMap"},"geometry":{"type":"Polygon","coordinates":[[[73.0602562,33.7194412],[73.0603733,33.7195032],[73.0605029,33.7193341],[73.0604627,33.7193118],[73.0603858,33.719272],[73.0602562,33.7194412]]]}},{"type":"Feature","id":"osm-way-1385282485","properties":{"id":"osm-way-1385282485","sector":"F-7","height":6,"source":"OpenStreetMap"},"geometry":{"type":"Polygon","coordinates":[[[73.0601113,33.719372],[73.0602284,33.7194341],[73.0603581,33.7192649],[73.0603179,33.7192426],[73.060241,33.7192028],[73.0601113,33.719372]]]}},{"type":"Feature","id":"osm-way-1385282486","properties":{"id":"osm-way-1385282486","sector":"F-7","height":6,"source":"OpenStreetMap"},"geometry":{"type":"Polygon","coordinates":[[[73.0599665,33.7192984],[73.0600836,33.7193605],[73.0602133,33.7191913],[73.060173,33.719169],[73.0600962,33.7191292],[73.0599665,33.7192984]]]}},{"type":"Feature","id":"osm-way-1385282487","properties":{"id":"osm-way-1385282487","sector":"F-7","height":6,"source":"OpenStreetMap"},"geometry":{"type":"Polygon","coordinates":[[[73.0598216,33.7192314],[73.0599387,33.7192935],[73.0600684,33.7191244],[73.0600282,33.719102],[73.0599513,33.7190623],[73.0598216,33.7192314]]]}},{"type":"Feature","id":"osm-way-1385282488","properties":{"id":"osm-way-1385282488","sector":"F-7","height":6,"source":"OpenStreetMap"},"geometry":{"type":"Polygon","coordinates":[[[73.0596808,33.7191623],[73.0597979,33.7192244],[73.0599276,33.7190552],[73.0598874,33.7190329],[73.0598105,33.7189931],[73.0596808,33.7191623]]]}},{"type":"Feature","id":"osm-way-1385282489","properties":{"id":"osm-way-1385282489","sector":"F-7","height":6,"source":"OpenStreetMap"},"geometry":{"type":"Polygon","coordinates":[[[73.0595454,33.7190864],[73.0596625,33.7191485],[73.0597921,33.7189793],[73.0597519,33.718957],[73.059675,33.7189172],[73.0595454,33.7190864]]]}},{"type":"Feature","id":"osm-way-1385282493","properties":{"id":"osm-way-1385282493","sector":"nearby","height":6,"source":"OpenStreetMap"},"geometry":{"type":"Polygon","coordinates":[[[73.0602615,33.7191779],[73.0603786,33.71924],[73.0605083,33.7190708],[73.0604681,33.7190485],[73.0603912,33.7190087],[73.0602615,33.7191779]]]}},{"type":"Feature","id":"osm-way-1385282494","properties":{"id":"osm-way-1385282494","sector":"F-7","height":6,"source":"OpenStreetMap"},"geometry":{"type":"Polygon","coordinates":[[[73.0601167,33.7191043],[73.0602338,33.7191664],[73.0603635,33.7189972],[73.0603232,33.7189749],[73.0602464,33.7189351],[73.0601167,33.7191043]]]}},{"type":"Feature","id":"osm-way-1385282495","properties":{"id":"osm-way-1385282495","sector":"F-7","height":6,"source":"OpenStreetMap"},"geometry":{"type":"Polygon","coordinates":[[[73.0599719,33.7190373],[73.0600889,33.7190994],[73.0602186,33.7189303],[73.0601784,33.7189079],[73.0601015,33.7188682],[73.0599719,33.7190373]]]}},{"type":"Feature","id":"osm-way-1385282496","properties":{"id":"osm-way-1385282496","sector":"F-7","height":6,"source":"OpenStreetMap"},"geometry":{"type":"Polygon","coordinates":[[[73.059831,33.7189682],[73.0599481,33.7190303],[73.0600778,33.7188611],[73.0600376,33.7188388],[73.0599607,33.718799],[73.059831,33.7189682]]]}},{"type":"Feature","id":"osm-way-1385282497","properties":{"id":"osm-way-1385282497","sector":"F-7","height":6,"source":"OpenStreetMap"},"geometry":{"type":"Polygon","coordinates":[[[73.0596956,33.7188923],[73.0598127,33.7189544],[73.0599423,33.7187852],[73.0599021,33.7187629],[73.0598252,33.7187232],[73.0596956,33.7188923]]]}},{"type":"Feature","id":"osm-way-1385282504","properties":{"id":"osm-way-1385282504","sector":"nearby","height":6,"source":"OpenStreetMap"},"geometry":{"type":"Polygon","coordinates":[[[73.0602414,33.7184417],[73.0603585,33.7185038],[73.0604882,33.7183346],[73.0604479,33.7183123],[73.0603711,33.7182725],[73.0602414,33.7184417]]]}},{"type":"Feature","id":"osm-way-1385282505","properties":{"id":"osm-way-1385282505","sector":"F-7","height":6,"source":"OpenStreetMap"},"geometry":{"type":"Polygon","coordinates":[[[73.060106,33.7183658],[73.0602231,33.7184279],[73.0603527,33.7182587],[73.0603125,33.7182364],[73.0602356,33.7181966],[73.060106,33.7183658]]]}},{"type":"Feature","id":"osm-way-1385282512","properties":{"id":"osm-way-1385282512","sector":"nearby","height":6,"source":"OpenStreetMap"},"geometry":{"type":"Polygon","coordinates":[[[73.0602347,33.7186994],[73.0603518,33.7187614],[73.0604815,33.7185923],[73.0604412,33.71857],[73.0603644,33.7185302],[73.0602347,33.7186994]]]}},{"type":"Feature","id":"osm-way-1385282513","properties":{"id":"osm-way-1385282513","sector":"F-7","height":6,"source":"OpenStreetMap"},"geometry":{"type":"Polygon","coordinates":[[[73.0600939,33.7186302],[73.060211,33.7186923],[73.0603407,33.7185231],[73.0603004,33.7185008],[73.0602236,33.718461],[73.0600939,33.7186302]]]}},{"type":"Feature","id":"osm-way-1385282514","properties":{"id":"osm-way-1385282514","sector":"F-7","height":6,"source":"OpenStreetMap"},"geometry":{"type":"Polygon","coordinates":[[[73.0599584,33.7185543],[73.0600755,33.7186164],[73.0602052,33.7184473],[73.060165,33.7184249],[73.0600881,33.7183852],[73.0599584,33.7185543]]]}},{"type":"Feature","id":"osm-way-1385282515","properties":{"id":"osm-way-1385282515","sector":"F-7","height":6,"source":"OpenStreetMap"},"geometry":{"type":"Polygon","coordinates":[[[73.0592068,33.7186256],[73.0593132,33.7186818],[73.0594401,33.7185155],[73.0593337,33.7184593],[73.0592068,33.7186256]]]}},{"type":"Feature","id":"osm-way-1385282516","properties":{"id":"osm-way-1385282516","sector":"F-7","height":6,"source":"OpenStreetMap"},"geometry":{"type":"Polygon","coordinates":[[[73.0590619,33.7185475],[73.0591683,33.7186037],[73.0592952,33.7184374],[73.0591888,33.7183812],[73.0590619,33.7185475]]]}},{"type":"Feature","id":"osm-way-1385282517","properties":{"id":"osm-way-1385282517","sector":"F-7","height":6,"source":"OpenStreetMap"},"geometry":{"type":"Polygon","coordinates":[[[73.0579863,33.7179905],[73.0581812,33.7180838],[73.0583109,33.7179146],[73.0582707,33.7178923],[73.0580972,33.7178123],[73.0579863,33.7179905]]]}},{"type":"Feature","id":"osm-way-1385282518","properties":{"id":"osm-way-1385282518","sector":"F-7","height":6,"source":"OpenStreetMap"},"geometry":{"type":"Polygon","coordinates":[[[73.0582318,33.718112],[73.0583489,33.7181741],[73.0584785,33.718005],[73.0584383,33.7179826],[73.0583614,33.7179429],[73.0582318,33.718112]]]}},{"type":"Feature","id":"osm-way-1385282519","properties":{"id":"osm-way-1385282519","sector":"F-7","height":6,"source":"OpenStreetMap"},"geometry":{"type":"Polygon","coordinates":[[[73.0583766,33.7181924],[73.0584937,33.7182544],[73.0586234,33.7180853],[73.0585831,33.718063],[73.0585063,33.7180232],[73.0583766,33.7181924]]]}},{"type":"Feature","id":"osm-way-1385282520","properties":{"id":"osm-way-1385282520","sector":"F-7","height":6,"source":"OpenStreetMap"},"geometry":{"type":"Polygon","coordinates":[[[73.0585214,33.7182615],[73.0586385,33.7183236],[73.0587682,33.7181544],[73.058728,33.7181321],[73.0586511,33.7180923],[73.0585214,33.7182615]]]}},{"type":"Feature","id":"osm-way-1385282521","properties":{"id":"osm-way-1385282521","sector":"F-7","height":6,"source":"OpenStreetMap"},"geometry":{"type":"Polygon","coordinates":[[[73.0578415,33.7181901],[73.0580364,33.7182835],[73.0581661,33.7181143],[73.0581258,33.718092],[73.0579524,33.718012],[73.0578415,33.7181901]]]}},{"type":"Feature","id":"osm-way-1385282522","properties":{"id":"osm-way-1385282522","sector":"F-7","height":6,"source":"OpenStreetMap"},"geometry":{"type":"Polygon","coordinates":[[[73.0580749,33.7183284],[73.058192,33.7183905],[73.0583216,33.7182214],[73.0582814,33.7181991],[73.0582045,33.7181593],[73.0580749,33.7183284]]]}},{"type":"Feature","id":"osm-way-1385282523","properties":{"id":"osm-way-1385282523","sector":"F-7","height":6,"source":"OpenStreetMap"},"geometry":{"type":"Polygon","coordinates":[[[73.0582197,33.7184088],[73.0583368,33.7184709],[73.0584665,33.7183017],[73.0584262,33.7182794],[73.0583494,33.7182396],[73.0582197,33.7184088]]]}},{"type":"Feature","id":"osm-way-1385282524","properties":{"id":"osm-way-1385282524","sector":"F-7","height":6,"source":"OpenStreetMap"},"geometry":{"type":"Polygon","coordinates":[[[73.0583645,33.7184779],[73.0584816,33.71854],[73.0586113,33.7183708],[73.0585711,33.7183485],[73.0584942,33.7183087],[73.0583645,33.7184779]]]}},{"type":"Feature","id":"osm-way-1385282525","properties":{"id":"osm-way-1385282525","sector":"F-7","height":6,"source":"OpenStreetMap"},"geometry":{"type":"Polygon","coordinates":[[[73.0585201,33.7185493],[73.0586372,33.7186114],[73.0587669,33.7184422],[73.0587266,33.7184199],[73.0586498,33.7183801],[73.0585201,33.7185493]]]}},{"type":"Feature","id":"osm-way-1385282526","properties":{"id":"osm-way-1385282526","sector":"F-7","height":6,"source":"OpenStreetMap"},"geometry":{"type":"Polygon","coordinates":[[[73.0586649,33.7186185],[73.058782,33.7186806],[73.0589117,33.7185114],[73.0588715,33.7184891],[73.0587946,33.7184493],[73.0586649,33.7186185]]]}},{"type":"Feature","id":"osm-way-1385282527","properties":{"id":"osm-way-1385282527","sector":"F-7","height":6,"source":"OpenStreetMap"},"geometry":{"type":"Polygon","coordinates":[[[73.0587883,33.7186899],[73.0589054,33.718752],[73.0590351,33.7185828],[73.0589949,33.7185605],[73.058918,33.7185207],[73.0587883,33.7186899]]]}},{"type":"Feature","id":"osm-way-1385282528","properties":{"id":"osm-way-1385282528","sector":"F-7","height":6,"source":"OpenStreetMap"},"geometry":{"type":"Polygon","coordinates":[[[73.0589291,33.7187668],[73.0590462,33.7188289],[73.0591759,33.7186598],[73.0591357,33.7186374],[73.0590588,33.7185977],[73.0589291,33.7187668]]]}},{"type":"Feature","id":"osm-way-1385282529","properties":{"id":"osm-way-1385282529","sector":"F-7","height":6,"source":"OpenStreetMap"},"geometry":{"type":"Polygon","coordinates":[[[73.0590606,33.7188248],[73.0591777,33.7188869],[73.0593073,33.7187178],[73.0592671,33.7186954],[73.0591902,33.7186557],[73.0590606,33.7188248]]]}},{"type":"Feature","id":"osm-way-1385282530","properties":{"id":"osm-way-1385282530","sector":"F-7","height":6,"source":"OpenStreetMap"},"geometry":{"type":"Polygon","coordinates":[[[73.0580601,33.7172832],[73.0581772,33.7173453],[73.0583069,33.7171761],[73.0582666,33.7171538],[73.0581898,33.717114],[73.0580601,33.7172832]]]}},{"type":"Feature","id":"osm-way-1385282531","properties":{"id":"osm-way-1385282531","sector":"F-7","height":6,"source":"OpenStreetMap"},"geometry":{"type":"Polygon","coordinates":[[[73.0579233,33.7172051],[73.0580404,33.7172672],[73.0581701,33.717098],[73.0581298,33.7170757],[73.058053,33.717036],[73.0579233,33.7172051]]]}},{"type":"Feature","id":"osm-way-1385282532","properties":{"id":"osm-way-1385282532","sector":"F-7","height":6,"source":"OpenStreetMap"},"geometry":{"type":"Polygon","coordinates":[[[73.0596098,33.7180758],[73.0597269,33.7181379],[73.0598565,33.7179687],[73.0598163,33.7179464],[73.0597394,33.7179066],[73.0596098,33.7180758]]]}},{"type":"Feature","id":"osm-way-1385282533","properties":{"id":"osm-way-1385282533","sector":"F-7","height":6,"source":"OpenStreetMap"},"geometry":{"type":"Polygon","coordinates":[[[73.0594783,33.7180178],[73.0595954,33.7180799],[73.0597251,33.7179107],[73.0596849,33.7178884],[73.059608,33.7178486],[73.0594783,33.7180178]]]}},{"type":"Feature","id":"osm-way-1385282534","properties":{"id":"osm-way-1385282534","sector":"F-7","height":6,"source":"OpenStreetMap"},"geometry":{"type":"Polygon","coordinates":[[[73.0593375,33.7179408],[73.0594546,33.7180029],[73.0595843,33.7178337],[73.059544,33.7178114],[73.0594672,33.7177716],[73.0593375,33.7179408]]]}},{"type":"Feature","id":"osm-way-1385282535","properties":{"id":"osm-way-1385282535","sector":"F-7","height":6,"source":"OpenStreetMap"},"geometry":{"type":"Polygon","coordinates":[[[73.0592141,33.7178694],[73.0593312,33.7179315],[73.0594609,33.7177623],[73.0594207,33.71774],[73.0593438,33.7177002],[73.0592141,33.7178694]]]}},{"type":"Feature","id":"osm-way-1385282536","properties":{"id":"osm-way-1385282536","sector":"F-7","height":6,"source":"OpenStreetMap"},"geometry":{"type":"Polygon","coordinates":[[[73.0590693,33.7178003],[73.0591864,33.7178624],[73.0593161,33.7176932],[73.0592758,33.7176709],[73.059199,33.7176311],[73.0590693,33.7178003]]]}},{"type":"Feature","id":"osm-way-1385282537","properties":{"id":"osm-way-1385282537","sector":"F-7","height":6,"source":"OpenStreetMap"},"geometry":{"type":"Polygon","coordinates":[[[73.0589137,33.7177289],[73.0590308,33.717791],[73.0591605,33.7176218],[73.0591203,33.7175995],[73.0590434,33.7175597],[73.0589137,33.7177289]]]}},{"type":"Feature","id":"osm-way-1385282538","properties":{"id":"osm-way-1385282538","sector":"F-7","height":6,"source":"OpenStreetMap"},"geometry":{"type":"Polygon","coordinates":[[[73.0587689,33.7176597],[73.058886,33.7177218],[73.0590156,33.7175526],[73.0589754,33.7175303],[73.0588985,33.7174905],[73.0587689,33.7176597]]]}},{"type":"Feature","id":"osm-way-1385282539","properties":{"id":"osm-way-1385282539","sector":"F-7","height":6,"source":"OpenStreetMap"},"geometry":{"type":"Polygon","coordinates":[[[73.058624,33.7175794],[73.0587411,33.7176415],[73.0588708,33.7174723],[73.0588306,33.71745],[73.0587537,33.7174102],[73.058624,33.7175794]]]}},{"type":"Feature","id":"osm-way-1385282540","properties":{"id":"osm-way-1385282540","sector":"F-7","height":6,"source":"OpenStreetMap"},"geometry":{"type":"Polygon","coordinates":[[[73.0584819,33.7175191],[73.058599,33.7175812],[73.0587286,33.7174121],[73.0586884,33.7173898],[73.0586115,33.71735],[73.0584819,33.7175191]]]}},{"type":"Feature","id":"osm-way-1385282541","properties":{"id":"osm-way-1385282541","sector":"F-7","height":6,"source":"OpenStreetMap"},"geometry":{"type":"Polygon","coordinates":[[[73.0583491,33.7174333],[73.0584662,33.7174953],[73.0585959,33.7173262],[73.0585556,33.7173039],[73.0584788,33.7172641],[73.0583491,33.7174333]]]}},{"type":"Feature","id":"osm-way-1385282542","properties":{"id":"osm-way-1385282542","sector":"F-7","height":6,"source":"OpenStreetMap"},"geometry":{"type":"Polygon","coordinates":[[[73.0581895,33.7173563],[73.0583066,33.7174184],[73.0584363,33.7172492],[73.0583961,33.7172269],[73.0583192,33.7171871],[73.0581895,33.7173563]]]}},{"type":"Feature","id":"osm-way-1385282543","properties":{"id":"osm-way-1385282543","sector":"F-7","height":6,"source":"OpenStreetMap"},"geometry":{"type":"Polygon","coordinates":[[[73.0594763,33.7182649],[73.0595934,33.718327],[73.0597231,33.7181578],[73.0596828,33.7181355],[73.059606,33.7180957],[73.0594763,33.7182649]]]}},{"type":"Feature","id":"osm-way-1385282544","properties":{"id":"osm-way-1385282544","sector":"F-7","height":6,"source":"OpenStreetMap"},"geometry":{"type":"Polygon","coordinates":[[[73.0593449,33.7182069],[73.059462,33.718269],[73.0595916,33.7180998],[73.0595514,33.7180775],[73.0594746,33.7180377],[73.0593449,33.7182069]]]}},{"type":"Feature","id":"osm-way-1385282545","properties":{"id":"osm-way-1385282545","sector":"F-7","height":6,"source":"OpenStreetMap"},"geometry":{"type":"Polygon","coordinates":[[[73.0592041,33.7181299],[73.0593212,33.718192],[73.0594508,33.7180228],[73.0594106,33.7180005],[73.0593337,33.7179607],[73.0592041,33.7181299]]]}},{"type":"Feature","id":"osm-way-1385282546","properties":{"id":"osm-way-1385282546","sector":"F-7","height":6,"source":"OpenStreetMap"},"geometry":{"type":"Polygon","coordinates":[[[73.0590807,33.7180585],[73.0591978,33.7181206],[73.0593275,33.7179514],[73.0592872,33.7179291],[73.0592104,33.7178893],[73.0590807,33.7180585]]]}},{"type":"Feature","id":"osm-way-1385282547","properties":{"id":"osm-way-1385282547","sector":"F-7","height":6,"source":"OpenStreetMap"},"geometry":{"type":"Polygon","coordinates":[[[73.0589358,33.7179893],[73.0590529,33.7180514],[73.0591826,33.7178822],[73.0591424,33.7178599],[73.0590655,33.7178202],[73.0589358,33.7179893]]]}},{"type":"Feature","id":"osm-way-1385282548","properties":{"id":"osm-way-1385282548","sector":"F-7","height":6,"source":"OpenStreetMap"},"geometry":{"type":"Polygon","coordinates":[[[73.0587803,33.7179179],[73.0588974,33.71798],[73.059027,33.7178109],[73.0589868,33.7177885],[73.0589099,33.7177488],[73.0587803,33.7179179]]]}},{"type":"Feature","id":"osm-way-1385282549","properties":{"id":"osm-way-1385282549","sector":"F-7","height":6,"source":"OpenStreetMap"},"geometry":{"type":"Polygon","coordinates":[[[73.0586354,33.7178488],[73.0587525,33.7179109],[73.0588822,33.7177417],[73.058842,33.7177194],[73.0587651,33.7176796],[73.0586354,33.7178488]]]}},{"type":"Feature","id":"osm-way-1385282550","properties":{"id":"osm-way-1385282550","sector":"F-7","height":6,"source":"OpenStreetMap"},"geometry":{"type":"Polygon","coordinates":[[[73.0584906,33.7177685],[73.0586077,33.7178306],[73.0587374,33.7176614],[73.0586971,33.7176391],[73.0586203,33.7175993],[73.0584906,33.7177685]]]}},{"type":"Feature","id":"osm-way-1385282551","properties":{"id":"osm-way-1385282551","sector":"F-7","height":6,"source":"OpenStreetMap"},"geometry":{"type":"Polygon","coordinates":[[[73.0583484,33.7177082],[73.0584655,33.7177703],[73.0585952,33.7176011],[73.058555,33.7175788],[73.0584781,33.717539],[73.0583484,33.7177082]]]}},{"type":"Feature","id":"osm-way-1385282552","properties":{"id":"osm-way-1385282552","sector":"F-7","height":6,"source":"OpenStreetMap"},"geometry":{"type":"Polygon","coordinates":[[[73.0582157,33.7176223],[73.0583328,33.7176844],[73.0584624,33.7175152],[73.0584222,33.7174929],[73.0583453,33.7174532],[73.0582157,33.7176223]]]}},{"type":"Feature","id":"osm-way-1385282553","properties":{"id":"osm-way-1385282553","sector":"F-7","height":6,"source":"OpenStreetMap"},"geometry":{"type":"Polygon","coordinates":[[[73.0580561,33.7175454],[73.0581732,33.7176075],[73.0583028,33.7174383],[73.0582626,33.717416],[73.0581857,33.7173762],[73.0580561,33.7175454]]]}},{"type":"Feature","id":"osm-way-1385282554","properties":{"id":"osm-way-1385282554","sector":"F-7","height":6,"source":"OpenStreetMap"},"geometry":{"type":"Polygon","coordinates":[[[73.0569658,33.7167255],[73.0570829,33.7167876],[73.0572125,33.7166184],[73.0571723,33.7165961],[73.0570954,33.7165563],[73.0569658,33.7167255]]]}},{"type":"Feature","id":"osm-way-1385282555","properties":{"id":"osm-way-1385282555","sector":"F-7","height":6,"source":"OpenStreetMap"},"geometry":{"type":"Polygon","coordinates":[[[73.0568451,33.7166295],[73.0569622,33.7166916],[73.0570918,33.7165224],[73.0570516,33.7165001],[73.0569747,33.7164603],[73.0568451,33.7166295]]]}},{"type":"Feature","id":"osm-way-1385282556","properties":{"id":"osm-way-1385282556","sector":"F-7","height":6,"source":"OpenStreetMap"},"geometry":{"type":"Polygon","coordinates":[[[73.0567002,33.7165604],[73.0568173,33.7166225],[73.056947,33.7164533],[73.0569068,33.716431],[73.0568299,33.7163912],[73.0567002,33.7165604]]]}},{"type":"Feature","id":"osm-way-1385282557","properties":{"id":"osm-way-1385282557","sector":"F-7","height":6,"source":"OpenStreetMap"},"geometry":{"type":"Polygon","coordinates":[[[73.0565447,33.716489],[73.0566618,33.7165511],[73.0567171,33.7164789],[73.0567785,33.7163987],[73.0567914,33.7163819],[73.0567512,33.7163596],[73.0566743,33.7163198],[73.0565447,33.716489]]]}},{"type":"Feature","id":"osm-way-1385282558","properties":{"id":"osm-way-1385282558","sector":"F-7","height":6,"source":"OpenStreetMap"},"geometry":{"type":"Polygon","coordinates":[[[73.0563998,33.7164198],[73.0565169,33.7164819],[73.0565701,33.7164125],[73.0566349,33.716328],[73.0566466,33.7163127],[73.0566063,33.7162904],[73.0565295,33.7162506],[73.0563998,33.7164198]]]}},{"type":"Feature","id":"osm-way-1385282559","properties":{"id":"osm-way-1385282559","sector":"F-7","height":6,"source":"OpenStreetMap"},"geometry":{"type":"Polygon","coordinates":[[[73.056255,33.7163395],[73.0563721,33.7164016],[73.0565017,33.7162324],[73.0564615,33.7162101],[73.0563846,33.7161703],[73.056255,33.7163395]]]}},{"type":"Feature","id":"osm-way-1385282560","properties":{"id":"osm-way-1385282560","sector":"F-7","height":6,"source":"OpenStreetMap"},"geometry":{"type":"Polygon","coordinates":[[[73.0561128,33.7162793],[73.056211,33.7163313],[73.0562299,33.7163413],[73.0563596,33.7161722],[73.0563194,33.7161499],[73.0562425,33.7161101],[73.0562292,33.7161275],[73.0562069,33.7161565],[73.0561128,33.7162793]]]}},{"type":"Feature","id":"osm-way-1385282561","properties":{"id":"osm-way-1385282561","sector":"F-7","height":6,"source":"OpenStreetMap"},"geometry":{"type":"Polygon","coordinates":[[[73.0559801,33.7161934],[73.0560972,33.7162555],[73.0561107,33.7162379],[73.0561397,33.7162001],[73.0562064,33.7161129],[73.0562268,33.7160863],[73.0561866,33.716064],[73.0561097,33.7160242],[73.0559801,33.7161934]]]}},{"type":"Feature","id":"osm-way-1385282562","properties":{"id":"osm-way-1385282562","sector":"F-7","height":6,"source":"OpenStreetMap"},"geometry":{"type":"Polygon","coordinates":[[[73.0558205,33.7161164],[73.0559376,33.7161785],[73.0560672,33.7160093],[73.056027,33.715987],[73.0559501,33.7159472],[73.0558205,33.7161164]]]}},{"type":"Feature","id":"osm-way-1385282563","properties":{"id":"osm-way-1385282563","sector":"F-7","height":6,"source":"OpenStreetMap"},"geometry":{"type":"Polygon","coordinates":[[[73.0568209,33.7169106],[73.056938,33.7169727],[73.0570677,33.7168035],[73.0570275,33.7167812],[73.0569506,33.7167415],[73.0568209,33.7169106]]]}},{"type":"Feature","id":"osm-way-1385282564","properties":{"id":"osm-way-1385282564","sector":"F-7","height":6,"source":"OpenStreetMap"},"geometry":{"type":"Polygon","coordinates":[[[73.0567002,33.7168147],[73.0568173,33.7168768],[73.056947,33.7167076],[73.0569068,33.7166853],[73.0568299,33.7166455],[73.0567002,33.7168147]]]}},{"type":"Feature","id":"osm-way-1385282565","properties":{"id":"osm-way-1385282565","sector":"F-7","height":6,"source":"OpenStreetMap"},"geometry":{"type":"Polygon","coordinates":[[[73.0565554,33.7167455],[73.0566725,33.7168076],[73.0568022,33.7166385],[73.0567619,33.7166161],[73.0566851,33.7165764],[73.0565554,33.7167455]]]}},{"type":"Feature","id":"osm-way-1385282566","properties":{"id":"osm-way-1385282566","sector":"F-7","height":6,"source":"OpenStreetMap"},"geometry":{"type":"Polygon","coordinates":[[[73.0563998,33.7166741],[73.0565169,33.7167362],[73.0566466,33.7165671],[73.0566063,33.7165447],[73.0565295,33.716505],[73.0563998,33.7166741]]]}},{"type":"Feature","id":"osm-way-1385282567","properties":{"id":"osm-way-1385282567","sector":"F-7","height":6,"source":"OpenStreetMap"},"geometry":{"type":"Polygon","coordinates":[[[73.056255,33.716605],[73.0563721,33.7166671],[73.0565017,33.7164979],[73.0564615,33.7164756],[73.0563846,33.7164358],[73.056255,33.716605]]]}},{"type":"Feature","id":"osm-way-1385282568","properties":{"id":"osm-way-1385282568","sector":"F-7","height":6,"source":"OpenStreetMap"},"geometry":{"type":"Polygon","coordinates":[[[73.0561101,33.7165247],[73.0562272,33.7165868],[73.0562726,33.7165275],[73.0563368,33.7164438],[73.0563569,33.7164176],[73.0563167,33.7163953],[73.0562398,33.7163555],[73.0561101,33.7165247]]]}},{"type":"Feature","id":"osm-way-1385282569","properties":{"id":"osm-way-1385282569","sector":"F-7","height":6,"source":"OpenStreetMap"},"geometry":{"type":"Polygon","coordinates":[[[73.055968,33.7164644],[73.0560851,33.7165265],[73.0562147,33.7163573],[73.0561745,33.716335],[73.0560976,33.7162952],[73.0560797,33.7163186],[73.0560137,33.7164048],[73.055968,33.7164644]]]}},{"type":"Feature","id":"osm-way-1385282570","properties":{"id":"osm-way-1385282570","sector":"F-7","height":6,"source":"OpenStreetMap"},"geometry":{"type":"Polygon","coordinates":[[[73.0558352,33.7163785],[73.0559523,33.7164406],[73.056082,33.7162714],[73.0560417,33.7162491],[73.0559649,33.7162093],[73.0559474,33.7162321],[73.0558352,33.7163785]]]}},{"type":"Feature","id":"osm-way-1385282571","properties":{"id":"osm-way-1385282571","sector":"F-7","height":6,"source":"OpenStreetMap"},"geometry":{"type":"Polygon","coordinates":[[[73.0556756,33.7163016],[73.0557927,33.7163637],[73.0559224,33.7161945],[73.0558822,33.7161722],[73.0558053,33.7161324],[73.0556756,33.7163016]]]}},{"type":"Feature","id":"osm-way-1385282572","properties":{"id":"osm-way-1385282572","sector":"F-7","height":6,"source":"OpenStreetMap"},"geometry":{"type":"Polygon","coordinates":[[[73.0569738,33.7177227],[73.0570909,33.7177848],[73.0572206,33.7176156],[73.0571035,33.7175535],[73.0569738,33.7177227]]]}},{"type":"Feature","id":"osm-way-1385282573","properties":{"id":"osm-way-1385282573","sector":"F-7","height":6,"source":"OpenStreetMap"},"geometry":{"type":"Polygon","coordinates":[[[73.0568343,33.7176402],[73.0569514,33.7177023],[73.0570811,33.7175331],[73.056964,33.717471],[73.0568343,33.7176402]]]}},{"type":"Feature","id":"osm-way-1385282574","properties":{"id":"osm-way-1385282574","sector":"F-7","height":6,"source":"OpenStreetMap"},"geometry":{"type":"Polygon","coordinates":[[[73.0566868,33.7175844],[73.0568039,33.7176465],[73.0569336,33.7174773],[73.0568165,33.7174152],[73.0566868,33.7175844]]]}},{"type":"Feature","id":"osm-way-1385282575","properties":{"id":"osm-way-1385282575","sector":"F-7","height":6,"source":"OpenStreetMap"},"geometry":{"type":"Polygon","coordinates":[[[73.0566935,33.7173156],[73.0568106,33.7173777],[73.0569403,33.7172085],[73.0569001,33.7171862],[73.0568232,33.7171464],[73.0566935,33.7173156]]]}},{"type":"Feature","id":"osm-way-1385282576","properties":{"id":"osm-way-1385282576","sector":"F-7","height":6,"source":"OpenStreetMap"},"geometry":{"type":"Polygon","coordinates":[[[73.0565567,33.7175141],[73.0566738,33.7175762],[73.0568035,33.717407],[73.0566864,33.7173449],[73.0565567,33.7175141]]]}},{"type":"Feature","id":"osm-way-1385282577","properties":{"id":"osm-way-1385282577","sector":"F-7","height":6,"source":"OpenStreetMap"},"geometry":{"type":"Polygon","coordinates":[[[73.0565621,33.7172553],[73.0566792,33.7173174],[73.0568089,33.7171482],[73.0567686,33.7171259],[73.0566918,33.7170861],[73.0565621,33.7172553]]]}},{"type":"Feature","id":"osm-way-1385282578","properties":{"id":"osm-way-1385282578","sector":"F-7","height":6,"source":"OpenStreetMap"},"geometry":{"type":"Polygon","coordinates":[[[73.0564253,33.7174539],[73.0565424,33.717516],[73.0566721,33.7173468],[73.056555,33.7172847],[73.0564253,33.7174539]]]}},{"type":"Feature","id":"osm-way-1385282579","properties":{"id":"osm-way-1385282579","sector":"F-7","height":6,"source":"OpenStreetMap"},"geometry":{"type":"Polygon","coordinates":[[[73.0564414,33.7171594],[73.0565585,33.7172215],[73.0566882,33.7170523],[73.0566479,33.71703],[73.0565711,33.7169902],[73.0564414,33.7171594]]]}},{"type":"Feature","id":"osm-way-1385282580","properties":{"id":"osm-way-1385282580","sector":"F-7","height":6,"source":"OpenStreetMap"},"geometry":{"type":"Polygon","coordinates":[[[73.0563046,33.717358],[73.0564217,33.7174201],[73.0565514,33.7172509],[73.0564343,33.7171888],[73.0563046,33.717358]]]}},{"type":"Feature","id":"osm-way-1385282581","properties":{"id":"osm-way-1385282581","sector":"F-7","height":6,"source":"OpenStreetMap"},"geometry":{"type":"Polygon","coordinates":[[[73.0562966,33.7170902],[73.0564137,33.7171523],[73.0565433,33.7169831],[73.0565031,33.7169608],[73.0564262,33.7169211],[73.0562966,33.7170902]]]}},{"type":"Feature","id":"osm-way-1385282582","properties":{"id":"osm-way-1385282582","sector":"F-7","height":6,"source":"OpenStreetMap"},"geometry":{"type":"Polygon","coordinates":[[[73.0561598,33.7172888],[73.0562769,33.7173509],[73.0564065,33.7171817],[73.0562894,33.7171196],[73.0561598,33.7172888]]]}},{"type":"Feature","id":"osm-way-1385282583","properties":{"id":"osm-way-1385282583","sector":"F-7","height":6,"source":"OpenStreetMap"},"geometry":{"type":"Polygon","coordinates":[[[73.056141,33.7170188],[73.0562581,33.7170809],[73.0563877,33.7169118],[73.0563475,33.7168894],[73.0562707,33.7168497],[73.056141,33.7170188]]]}},{"type":"Feature","id":"osm-way-1385282584","properties":{"id":"osm-way-1385282584","sector":"F-7","height":6,"source":"OpenStreetMap"},"geometry":{"type":"Polygon","coordinates":[[[73.0560042,33.7172174],[73.0561213,33.7172795],[73.056251,33.7171103],[73.0561339,33.7170482],[73.0560042,33.7172174]]]}},{"type":"Feature","id":"osm-way-1385282585","properties":{"id":"osm-way-1385282585","sector":"F-7","height":6,"source":"OpenStreetMap"},"geometry":{"type":"Polygon","coordinates":[[[73.0559961,33.7169497],[73.0561132,33.7170118],[73.0562429,33.7168426],[73.0562027,33.7168203],[73.0561258,33.7167805],[73.0559961,33.7169497]]]}},{"type":"Feature","id":"osm-way-1385282586","properties":{"id":"osm-way-1385282586","sector":"F-7","height":6,"source":"OpenStreetMap"},"geometry":{"type":"Polygon","coordinates":[[[73.0558594,33.7171482],[73.0559765,33.7172103],[73.0560128,33.717163],[73.0560713,33.7170867],[73.0561061,33.7170412],[73.055989,33.7169791],[73.0558594,33.7171482]]]}},{"type":"Feature","id":"osm-way-1385282587","properties":{"id":"osm-way-1385282587","sector":"F-7","height":6,"source":"OpenStreetMap"},"geometry":{"type":"Polygon","coordinates":[[[73.0558513,33.7168694],[73.0559684,33.7169315],[73.0560981,33.7167623],[73.0560578,33.71674],[73.055981,33.7167002],[73.0558513,33.7168694]]]}},{"type":"Feature","id":"osm-way-1385282588","properties":{"id":"osm-way-1385282588","sector":"F-7","height":6,"source":"OpenStreetMap"},"geometry":{"type":"Polygon","coordinates":[[[73.0557145,33.7170679],[73.0558316,33.71713],[73.0558591,33.7170942],[73.0559177,33.7170176],[73.0559613,33.7169608],[73.0558442,33.7168987],[73.0557145,33.7170679]]]}},{"type":"Feature","id":"osm-way-1385282589","properties":{"id":"osm-way-1385282589","sector":"F-7","height":6,"source":"OpenStreetMap"},"geometry":{"type":"Polygon","coordinates":[[[73.0557092,33.7168091],[73.0558262,33.7168712],[73.0559559,33.716702],[73.0559157,33.7166797],[73.0558388,33.7166399],[73.0557092,33.7168091]]]}},{"type":"Feature","id":"osm-way-1385282590","properties":{"id":"osm-way-1385282590","sector":"F-7","height":6,"source":"OpenStreetMap"},"geometry":{"type":"Polygon","coordinates":[[[73.0555724,33.7170077],[73.0556895,33.7170698],[73.0558191,33.7169006],[73.055702,33.7168385],[73.0555724,33.7170077]]]}},{"type":"Feature","id":"osm-way-1385282591","properties":{"id":"osm-way-1385282591","sector":"F-7","height":6,"source":"OpenStreetMap"},"geometry":{"type":"Polygon","coordinates":[[[73.0554168,33.7166463],[73.0555339,33.7167084],[73.0556636,33.7165392],[73.0556233,33.7165169],[73.0555465,33.7164771],[73.0554168,33.7166463]]]}},{"type":"Feature","id":"osm-way-1385282592","properties":{"id":"osm-way-1385282592","sector":"F-7","height":6,"source":"OpenStreetMap"},"geometry":{"type":"Polygon","coordinates":[[[73.05528,33.7168448],[73.0553971,33.7169069],[73.0555268,33.7167377],[73.0554097,33.7166756],[73.0553996,33.7166888],[73.05528,33.7168448]]]}},{"type":"Feature","id":"osm-way-1385282593","properties":{"id":"osm-way-1385282593","sector":"F-7","height":6,"source":"OpenStreetMap"},"geometry":{"type":"Polygon","coordinates":[[[73.0555764,33.7167232],[73.0556935,33.7167853],[73.0558231,33.7166161],[73.0557829,33.7165938],[73.055706,33.716554],[73.0555764,33.7167232]]]}},{"type":"Feature","id":"osm-way-1385282594","properties":{"id":"osm-way-1385282594","sector":"F-7","height":6,"source":"OpenStreetMap"},"geometry":{"type":"Polygon","coordinates":[[[73.0554396,33.7169218],[73.0555567,33.7169839],[73.0556689,33.7168375],[73.0556864,33.7168147],[73.0555693,33.7167526],[73.0554396,33.7169218]]]}},{"type":"Feature","id":"osm-way-1385282595","properties":{"id":"osm-way-1385282595","sector":"F-7","height":6,"source":"OpenStreetMap"},"geometry":{"type":"Polygon","coordinates":[[[73.0594093,33.714394],[73.0596675,33.7140571],[73.0594656,33.71395],[73.0592074,33.7142869],[73.0594093,33.714394]]]}},{"type":"Feature","id":"osm-way-1385282596","properties":{"id":"osm-way-1385282596","sector":"F-7","height":6,"source":"OpenStreetMap"},"geometry":{"type":"Polygon","coordinates":[[[73.0597392,33.714481],[73.059954,33.7142007],[73.0597338,33.7140839],[73.0595189,33.7143642],[73.0597392,33.714481]]]}},{"type":"Feature","id":"osm-way-1385282597","properties":{"id":"osm-way-1385282597","sector":"nearby","height":6,"source":"OpenStreetMap"},"geometry":{"type":"Polygon","coordinates":[[[73.0603722,33.7146104],[73.0604695,33.7144834],[73.0603051,33.7143962],[73.0602078,33.7145232],[73.0603722,33.7146104]]]}},{"type":"Feature","id":"osm-way-1385282608","properties":{"id":"osm-way-1385282608","sector":"nearby","height":6,"source":"OpenStreetMap"},"geometry":{"type":"Polygon","coordinates":[[[73.0601308,33.7151771],[73.0602542,33.7152425],[73.0604821,33.7149451],[73.0603587,33.7148796],[73.0601308,33.7151771]]]}},{"type":"Feature","id":"osm-way-1385282609","properties":{"id":"osm-way-1385282609","sector":"F-7","height":6,"source":"OpenStreetMap"},"geometry":{"type":"Polygon","coordinates":[[[73.0596292,33.7147867],[73.0597894,33.7148716],[73.0599725,33.7146327],[73.0598123,33.7145478],[73.0596292,33.7147867]]]}},{"type":"Feature","id":"osm-way-1385282610","properties":{"id":"osm-way-1385282610","sector":"F-7","height":6,"source":"OpenStreetMap"},"geometry":{"type":"Polygon","coordinates":[[[73.0597606,33.7150075],[73.0599036,33.7150834],[73.0601549,33.7147554],[73.0600119,33.7146796],[73.0597606,33.7150075]]]}},{"type":"Feature","id":"osm-way-1385282611","properties":{"id":"osm-way-1385282611","sector":"F-7","height":6,"source":"OpenStreetMap"},"geometry":{"type":"Polygon","coordinates":[[[73.0591276,33.715311],[73.0592808,33.7153922],[73.0594388,33.715186],[73.0592856,33.7151048],[73.0591276,33.715311]]]}},{"type":"Feature","id":"osm-way-1385282612","properties":{"id":"osm-way-1385282612","sector":"F-7","height":6,"source":"OpenStreetMap"},"geometry":{"type":"Polygon","coordinates":[[[73.0593368,33.7154471],[73.0594917,33.7155292],[73.0596265,33.7153534],[73.0594716,33.7152712],[73.0593368,33.7154471]]]}},{"type":"Feature","id":"osm-way-1385282613","properties":{"id":"osm-way-1385282613","sector":"F-7","height":6,"source":"OpenStreetMap"},"geometry":{"type":"Polygon","coordinates":[[[73.0591571,33.7156925],[73.059299,33.7157677],[73.0594575,33.7155609],[73.0593157,33.7154856],[73.0591571,33.7156925]]]}},{"type":"Feature","id":"osm-way-1385282614","properties":{"id":"osm-way-1385282614","sector":"F-7","height":6,"source":"OpenStreetMap"},"geometry":{"type":"Polygon","coordinates":[[[73.0595756,33.7155296],[73.0597521,33.7156232],[73.0599537,33.7153601],[73.0597772,33.7152665],[73.0595756,33.7155296]]]}},{"type":"Feature","id":"osm-way-1385282615","properties":{"id":"osm-way-1385282615","sector":"F-7","height":6,"source":"OpenStreetMap"},"geometry":{"type":"Polygon","coordinates":[[[73.0593529,33.7157862],[73.0595243,33.7158771],[73.0596828,33.7156702],[73.0595115,33.7155793],[73.0593529,33.7157862]]]}},{"type":"Feature","id":"osm-way-1385282616","properties":{"id":"osm-way-1385282616","sector":"F-7","height":6,"source":"OpenStreetMap"},"geometry":{"type":"Polygon","coordinates":[[[73.0597874,33.7156724],[73.0599481,33.7157576],[73.060104,33.7155542],[73.0599433,33.715469],[73.0597874,33.7156724]]]}},{"type":"Feature","id":"osm-way-1385282617","properties":{"id":"osm-way-1385282617","sector":"F-7","height":6,"source":"OpenStreetMap"},"geometry":{"type":"Polygon","coordinates":[[[73.0596372,33.7158665],[73.0598078,33.7159569],[73.0599216,33.7158085],[73.059751,33.7157181],[73.0596372,33.7158665]]]}},{"type":"Feature","id":"osm-way-1385282618","properties":{"id":"osm-way-1385282618","sector":"F-7","height":6,"source":"OpenStreetMap"},"geometry":{"type":"Polygon","coordinates":[[[73.0597848,33.7160606],[73.0599646,33.716156],[73.0601522,33.7159111],[73.0599724,33.7158158],[73.0597848,33.7160606]]]}},{"type":"Feature","id":"osm-way-1385282619","properties":{"id":"osm-way-1385282619","sector":"nearby","height":6,"source":"OpenStreetMap"},"geometry":{"type":"Polygon","coordinates":[[[73.0602407,33.7159022],[73.0604133,33.7159937],[73.0605519,33.715813],[73.0603793,33.7157214],[73.0602407,33.7159022]]]}},{"type":"Feature","id":"osm-way-1385282620","properties":{"id":"osm-way-1385282620","sector":"F-7","height":6,"source":"OpenStreetMap"},"geometry":{"type":"Polygon","coordinates":[[[73.0599859,33.7162056],[73.060151,33.7162932],[73.060348,33.7160361],[73.060183,33.7159485],[73.0599859,33.7162056]]]}},{"type":"Feature","id":"osm-way-1385282628","properties":{"id":"osm-way-1385282628","sector":"nearby","height":6,"source":"OpenStreetMap"},"geometry":{"type":"Polygon","coordinates":[[[73.0602716,33.7168488],[73.0603976,33.7169156],[73.0605344,33.7167371],[73.0604084,33.7166704],[73.0602716,33.7168488]]]}},{"type":"Feature","id":"osm-way-1385282629","properties":{"id":"osm-way-1385282629","sector":"F-7","height":6,"source":"OpenStreetMap"},"geometry":{"type":"Polygon","coordinates":[[[73.0601134,33.7170608],[73.060234,33.7171241],[73.0603627,33.7169546],[73.0602421,33.7168912],[73.0601134,33.7170608]]]}},{"type":"Feature","id":"osm-way-1385282630","properties":{"id":"osm-way-1385282630","sector":"F-7","height":6,"source":"OpenStreetMap"},"geometry":{"type":"Polygon","coordinates":[[[73.0601214,33.7167529],[73.0602474,33.7168197],[73.0603842,33.7166412],[73.0602582,33.7165744],[73.0601214,33.7167529]]]}},{"type":"Feature","id":"osm-way-1385282631","properties":{"id":"osm-way-1385282631","sector":"F-7","height":6,"source":"OpenStreetMap"},"geometry":{"type":"Polygon","coordinates":[[[73.0599632,33.7169649],[73.0600838,33.7170282],[73.0602125,33.7168586],[73.0600919,33.7167953],[73.0599632,33.7169649]]]}},{"type":"Feature","id":"osm-way-1385282632","properties":{"id":"osm-way-1385282632","sector":"F-7","height":6,"source":"OpenStreetMap"},"geometry":{"type":"Polygon","coordinates":[[[73.0599686,33.7166726],[73.0600945,33.7167394],[73.0602313,33.7165609],[73.0601054,33.7164941],[73.0599686,33.7166726]]]}},{"type":"Feature","id":"osm-way-1385282633","properties":{"id":"osm-way-1385282633","sector":"F-7","height":6,"source":"OpenStreetMap"},"geometry":{"type":"Polygon","coordinates":[[[73.0597915,33.7168823],[73.0599121,33.7169457],[73.0600489,33.7167761],[73.0599203,33.7167127],[73.0597915,33.7168823]]]}},{"type":"Feature","id":"osm-way-1385282634","properties":{"id":"osm-way-1385282634","sector":"F-7","height":6,"source":"OpenStreetMap"},"geometry":{"type":"Polygon","coordinates":[[[73.0597915,33.7165945],[73.0599175,33.7166613],[73.0600543,33.7164828],[73.0599283,33.716416],[73.0597915,33.7165945]]]}},{"type":"Feature","id":"osm-way-1385282635","properties":{"id":"osm-way-1385282635","sector":"F-7","height":6,"source":"OpenStreetMap"},"geometry":{"type":"Polygon","coordinates":[[[73.059636,33.7167841],[73.0597566,33.7168475],[73.0598853,33.7166779],[73.0597647,33.7166146],[73.059636,33.7167841]]]}},{"type":"Feature","id":"osm-way-1385282636","properties":{"id":"osm-way-1385282636","sector":"F-7","height":6,"source":"OpenStreetMap"},"geometry":{"type":"Polygon","coordinates":[[[73.0596038,33.7165097],[73.0597297,33.7165765],[73.0598665,33.716398],[73.0597406,33.7163312],[73.0596038,33.7165097]]]}},{"type":"Feature","id":"osm-way-1385282637","properties":{"id":"osm-way-1385282637","sector":"F-7","height":6,"source":"OpenStreetMap"},"geometry":{"type":"Polygon","coordinates":[[[73.0594563,33.7167016],[73.0595769,33.7167649],[73.0597056,33.7165954],[73.059585,33.716532],[73.0594563,33.7167016]]]}},{"type":"Feature","id":"osm-way-1385282638","properties":{"id":"osm-way-1385282638","sector":"F-7","height":6,"source":"OpenStreetMap"},"geometry":{"type":"Polygon","coordinates":[[[73.0594482,33.7164138],[73.0595742,33.7164806],[73.0597109,33.7163021],[73.059585,33.7162353],[73.0594482,33.7164138]]]}},{"type":"Feature","id":"osm-way-1385282639","properties":{"id":"osm-way-1385282639","sector":"F-7","height":6,"source":"OpenStreetMap"},"geometry":{"type":"Polygon","coordinates":[[[73.059298,33.716619],[73.0594186,33.7166824],[73.0595473,33.7165128],[73.0594268,33.7164495],[73.059298,33.716619]]]}},{"type":"Feature","id":"osm-way-1385282640","properties":{"id":"osm-way-1385282640","sector":"F-7","height":6,"source":"OpenStreetMap"},"geometry":{"type":"Polygon","coordinates":[[[73.0592846,33.7163089],[73.0594105,33.7163757],[73.0595473,33.7161972],[73.0594214,33.7161304],[73.0592846,33.7163089]]]}},{"type":"Feature","id":"osm-way-1385282641","properties":{"id":"osm-way-1385282641","sector":"F-7","height":6,"source":"OpenStreetMap"},"geometry":{"type":"Polygon","coordinates":[[[73.0591398,33.7165164],[73.0592603,33.7165798],[73.0593891,33.7164102],[73.0592685,33.7163469],[73.0591398,33.7165164]]]}},{"type":"Feature","id":"osm-way-1385282642","properties":{"id":"osm-way-1385282642","sector":"F-7","height":6,"source":"OpenStreetMap"},"geometry":{"type":"Polygon","coordinates":[[[73.0591183,33.7162197],[73.0592442,33.7162865],[73.059381,33.716108],[73.0592551,33.7160412],[73.0591183,33.7162197]]]}},{"type":"Feature","id":"osm-way-1385282643","properties":{"id":"osm-way-1385282643","sector":"F-7","height":6,"source":"OpenStreetMap"},"geometry":{"type":"Polygon","coordinates":[[[73.0589627,33.7164339],[73.0590833,33.7164972],[73.0592121,33.7163277],[73.0590915,33.7162643],[73.0589627,33.7164339]]]}},{"type":"Feature","id":"osm-way-1385282644","properties":{"id":"osm-way-1385282644","sector":"F-7","height":6,"source":"OpenStreetMap"},"geometry":{"type":"Polygon","coordinates":[[[73.0589506,33.7161409],[73.0590765,33.7162077],[73.0592133,33.7160292],[73.0590874,33.7159624],[73.0589506,33.7161409]]]}},{"type":"Feature","id":"osm-way-1385282645","properties":{"id":"osm-way-1385282645","sector":"F-7","height":6,"source":"OpenStreetMap"},"geometry":{"type":"Polygon","coordinates":[[[73.0587923,33.7163529],[73.0589129,33.7164162],[73.0590417,33.7162467],[73.0589211,33.7161833],[73.0587923,33.7163529]]]}},{"type":"Feature","id":"osm-way-1385282646","properties":{"id":"osm-way-1385282646","sector":"F-7","height":6,"source":"OpenStreetMap"},"geometry":{"type":"Polygon","coordinates":[[[73.0595085,33.7172486],[73.0596369,33.7173152],[73.0597821,33.7171215],[73.0596537,33.7170549],[73.0595085,33.7172486]]]}},{"type":"Feature","id":"osm-way-1385282647","properties":{"id":"osm-way-1385282647","sector":"F-7","height":6,"source":"OpenStreetMap"},"geometry":{"type":"Polygon","coordinates":[[[73.0593422,33.7171772],[73.0594706,33.7172438],[73.0596158,33.7170501],[73.0594874,33.7169835],[73.0593422,33.7171772]]]}},{"type":"Feature","id":"osm-way-1385282648","properties":{"id":"osm-way-1385282648","sector":"F-7","height":6,"source":"OpenStreetMap"},"geometry":{"type":"Polygon","coordinates":[[[73.0591732,33.7170724],[73.0593016,33.717139],[73.0594468,33.7169452],[73.0593184,33.7168786],[73.0591732,33.7170724]]]}},{"type":"Feature","id":"osm-way-1385282649","properties":{"id":"osm-way-1385282649","sector":"F-7","height":6,"source":"OpenStreetMap"},"geometry":{"type":"Polygon","coordinates":[[[73.0590096,33.7170032],[73.059138,33.7170698],[73.0592832,33.7168761],[73.0591548,33.7168095],[73.0590096,33.7170032]]]}},{"type":"Feature","id":"osm-way-1385282650","properties":{"id":"osm-way-1385282650","sector":"F-7","height":6,"source":"OpenStreetMap"},"geometry":{"type":"Polygon","coordinates":[[[73.0588219,33.7169251],[73.0589503,33.7169917],[73.0590954,33.716798],[73.058967,33.7167314],[73.0588219,33.7169251]]]}},{"type":"Feature","id":"osm-way-1385282651","properties":{"id":"osm-way-1385282651","sector":"F-7","height":6,"source":"OpenStreetMap"},"geometry":{"type":"Polygon","coordinates":[[[73.0586743,33.7168136],[73.0588027,33.7168802],[73.0589479,33.7166864],[73.0588701,33.7166451],[73.0588195,33.7166198],[73.0586743,33.7168136]]]}},{"type":"Feature","id":"osm-way-1385282652","properties":{"id":"osm-way-1385282652","sector":"F-7","height":6,"source":"OpenStreetMap"},"geometry":{"type":"Polygon","coordinates":[[[73.0585027,33.7167288],[73.0586311,33.7167954],[73.0587763,33.7166016],[73.0586478,33.7165351],[73.0585027,33.7167288]]]}},{"type":"Feature","id":"osm-way-1385282653","properties":{"id":"osm-way-1385282653","sector":"F-7","height":6,"source":"OpenStreetMap"},"geometry":{"type":"Polygon","coordinates":[[[73.058331,33.716644],[73.0584594,33.7167106],[73.0586046,33.7165169],[73.0584762,33.7164503],[73.058331,33.716644]]]}},{"type":"Feature","id":"osm-way-1385282654","properties":{"id":"osm-way-1385282654","sector":"F-7","height":6,"source":"OpenStreetMap"},"geometry":{"type":"Polygon","coordinates":[[[73.0581728,33.716557],[73.0583012,33.7166236],[73.0584463,33.7164298],[73.0583179,33.7163633],[73.0581728,33.716557]]]}},{"type":"Feature","id":"osm-way-1385282655","properties":{"id":"osm-way-1385282655","sector":"F-7","height":6,"source":"OpenStreetMap"},"geometry":{"type":"Polygon","coordinates":[[[73.0596936,33.7173513],[73.059822,33.7174178],[73.0599672,33.7172241],[73.0598387,33.7171575],[73.0596936,33.7173513]]]}},{"type":"Feature","id":"osm-way-1385282656","properties":{"id":"osm-way-1385282656","sector":"F-7","height":6,"source":"OpenStreetMap"},"geometry":{"type":"Polygon","coordinates":[[[73.0598491,33.7174093],[73.0599775,33.7174758],[73.0601227,33.7172821],[73.0599943,33.7172155],[73.0598491,33.7174093]]]}},{"type":"Feature","id":"osm-way-1385282657","properties":{"id":"osm-way-1385282657","sector":"F-7","height":6,"source":"OpenStreetMap"},"geometry":{"type":"Polygon","coordinates":[[[73.0600288,33.7174762],[73.0601573,33.7175428],[73.0603024,33.717349],[73.060174,33.7172825],[73.0600288,33.7174762]]]}},{"type":"Feature","id":"osm-way-1385282658","properties":{"id":"osm-way-1385282658","sector":"F-7","height":6,"source":"OpenStreetMap"},"geometry":{"type":"Polygon","coordinates":[[[73.0598223,33.7177328],[73.0599507,33.7177993],[73.0600959,33.7176056],[73.0599675,33.717539],[73.0598223,33.7177328]]]}},{"type":"Feature","id":"osm-way-1385282659","properties":{"id":"osm-way-1385282659","sector":"F-7","height":6,"source":"OpenStreetMap"},"geometry":{"type":"Polygon","coordinates":[[[73.0596614,33.7176458],[73.0597898,33.7177123],[73.059935,33.7175186],[73.0598066,33.717452],[73.0596614,33.7176458]]]}},{"type":"Feature","id":"osm-way-1385282660","properties":{"id":"osm-way-1385282660","sector":"F-7","height":6,"source":"OpenStreetMap"},"geometry":{"type":"Polygon","coordinates":[[[73.0595112,33.717561],[73.0596396,33.7176276],[73.0597848,33.7174338],[73.0596564,33.7173672],[73.0595112,33.717561]]]}},{"type":"Feature","id":"osm-way-1385282661","properties":{"id":"osm-way-1385282661","sector":"F-7","height":6,"source":"OpenStreetMap"},"geometry":{"type":"Polygon","coordinates":[[[73.0593368,33.717465],[73.0594652,33.7175316],[73.0596104,33.7173379],[73.059482,33.7172713],[73.0593368,33.717465]]]}},{"type":"Feature","id":"osm-way-1385282662","properties":{"id":"osm-way-1385282662","sector":"F-7","height":6,"source":"OpenStreetMap"},"geometry":{"type":"Polygon","coordinates":[[[73.0591705,33.7173937],[73.0592989,33.7174602],[73.0594441,33.7172665],[73.0593157,33.7171999],[73.0591705,33.7173937]]]}},{"type":"Feature","id":"osm-way-1385282663","properties":{"id":"osm-way-1385282663","sector":"F-7","height":6,"source":"OpenStreetMap"},"geometry":{"type":"Polygon","coordinates":[[[73.0590016,33.7172888],[73.05913,33.7173554],[73.0592751,33.7171616],[73.0591467,33.7170951],[73.0590016,33.7172888]]]}},{"type":"Feature","id":"osm-way-1385282664","properties":{"id":"osm-way-1385282664","sector":"F-7","height":6,"source":"OpenStreetMap"},"geometry":{"type":"Polygon","coordinates":[[[73.0588379,33.7172196],[73.0589664,33.7172862],[73.0591115,33.7170925],[73.0589831,33.7170259],[73.0588379,33.7172196]]]}},{"type":"Feature","id":"osm-way-1385282665","properties":{"id":"osm-way-1385282665","sector":"F-7","height":6,"source":"OpenStreetMap"},"geometry":{"type":"Polygon","coordinates":[[[73.0586904,33.7170902],[73.0588242,33.7171546],[73.0589238,33.7170144],[73.0587954,33.7169478],[73.0586904,33.7170902]]]}},{"type":"Feature","id":"osm-way-1385282666","properties":{"id":"osm-way-1385282666","sector":"F-7","height":6,"source":"OpenStreetMap"},"geometry":{"type":"Polygon","coordinates":[[[73.0585027,33.71703],[73.0586311,33.7170966],[73.0587763,33.7169028],[73.0586985,33.7168616],[73.0586478,33.7168363],[73.0585027,33.71703]]]}},{"type":"Feature","id":"osm-way-1385282667","properties":{"id":"osm-way-1385282667","sector":"F-7","height":6,"source":"OpenStreetMap"},"geometry":{"type":"Polygon","coordinates":[[[73.058331,33.7169452],[73.0584594,33.7170118],[73.0586046,33.716818],[73.0584762,33.7167515],[73.058331,33.7169452]]]}},{"type":"Feature","id":"osm-way-1385282668","properties":{"id":"osm-way-1385282668","sector":"F-7","height":6,"source":"OpenStreetMap"},"geometry":{"type":"Polygon","coordinates":[[[73.0581593,33.7168604],[73.0582878,33.716927],[73.0584329,33.7167333],[73.0583045,33.7166667],[73.0581593,33.7168604]]]}},{"type":"Feature","id":"osm-way-1385282669","properties":{"id":"osm-way-1385282669","sector":"F-7","height":6,"source":"OpenStreetMap"},"geometry":{"type":"Polygon","coordinates":[[[73.0580011,33.7167734],[73.0581295,33.71684],[73.0582747,33.7166463],[73.0581463,33.7165797],[73.0580011,33.7167734]]]}},{"type":"Feature","id":"osm-way-1385282670","properties":{"id":"osm-way-1385282670","sector":"F-7","height":6,"source":"OpenStreetMap"},"geometry":{"type":"Polygon","coordinates":[[[73.0578053,33.7166976],[73.0579337,33.7167641],[73.0580789,33.7165704],[73.0579505,33.7165038],[73.0578053,33.7166976]]]}},{"type":"Feature","id":"osm-way-1385282671","properties":{"id":"osm-way-1385282671","sector":"F-7","height":6,"source":"OpenStreetMap"},"geometry":{"type":"Polygon","coordinates":[[[73.0562724,33.7155586],[73.0564008,33.7156252],[73.056546,33.7154314],[73.0564176,33.7153649],[73.0562724,33.7155586]]]}},{"type":"Feature","id":"osm-way-1385282672","properties":{"id":"osm-way-1385282672","sector":"F-7","height":6,"source":"OpenStreetMap"},"geometry":{"type":"Polygon","coordinates":[[[73.0564521,33.7156445],[73.0565805,33.7157111],[73.0567257,33.7155173],[73.0565973,33.7154508],[73.0564521,33.7156445]]]}},{"type":"Feature","id":"osm-way-1385282673","properties":{"id":"osm-way-1385282673","sector":"F-7","height":6,"source":"OpenStreetMap"},"geometry":{"type":"Polygon","coordinates":[[[73.0566198,33.7157248],[73.0567482,33.7157914],[73.0568933,33.7155977],[73.0567649,33.7155311],[73.0566198,33.7157248]]]}},{"type":"Feature","id":"osm-way-1385282674","properties":{"id":"osm-way-1385282674","sector":"F-7","height":6,"source":"OpenStreetMap"},"geometry":{"type":"Polygon","coordinates":[[[73.0567887,33.7158163],[73.0569171,33.7158829],[73.0570623,33.7156891],[73.0569339,33.7156226],[73.0567887,33.7158163]]]}},{"type":"Feature","id":"osm-way-1385282675","properties":{"id":"osm-way-1385282675","sector":"F-7","height":6,"source":"OpenStreetMap"},"geometry":{"type":"Polygon","coordinates":[[[73.0569296,33.7159334],[73.057058,33.716],[73.0572031,33.7158063],[73.0570747,33.7157397],[73.0569296,33.7159334]]]}},{"type":"Feature","id":"osm-way-1385282676","properties":{"id":"osm-way-1385282676","sector":"F-7","height":6,"source":"OpenStreetMap"},"geometry":{"type":"Polygon","coordinates":[[[73.0567713,33.716142],[73.0568997,33.7162086],[73.0570449,33.7160149],[73.0569165,33.7159483],[73.0567713,33.716142]]]}},{"type":"Feature","id":"osm-way-1385282677","properties":{"id":"osm-way-1385282677","sector":"F-7","height":6,"source":"OpenStreetMap"},"geometry":{"type":"Polygon","coordinates":[[[73.0566023,33.7160539],[73.0567307,33.7161205],[73.0568759,33.7159267],[73.0567475,33.7158602],[73.0566023,33.7160539]]]}},{"type":"Feature","id":"osm-way-1385282678","properties":{"id":"osm-way-1385282678","sector":"F-7","height":6,"source":"OpenStreetMap"},"geometry":{"type":"Polygon","coordinates":[[[73.056424,33.7159524],[73.0565524,33.716019],[73.0566044,33.7159496],[73.056684,33.7158432],[73.0566975,33.7158252],[73.0565691,33.7157587],[73.0565561,33.715776],[73.0564769,33.7158818],[73.056424,33.7159524]]]}},{"type":"Feature","id":"osm-way-1385282679","properties":{"id":"osm-way-1385282679","sector":"F-7","height":6,"source":"OpenStreetMap"},"geometry":{"type":"Polygon","coordinates":[[[73.0562657,33.7158821],[73.0563408,33.7159211],[73.0563941,33.7159487],[73.0565393,33.715755],[73.0564109,33.7156884],[73.0563575,33.7157596],[73.0562657,33.7158821]]]}},{"type":"Feature","id":"osm-way-1385282680","properties":{"id":"osm-way-1385282680","sector":"F-7","height":6,"source":"OpenStreetMap"},"geometry":{"type":"Polygon","coordinates":[[[73.0561155,33.715794],[73.0562439,33.7158606],[73.0563891,33.7156668],[73.0562607,33.7156003],[73.0561155,33.715794]]]}},{"type":"Feature","id":"osm-way-1385282681","properties":{"id":"osm-way-1385282681","sector":"F-7","height":6,"source":"OpenStreetMap"},"geometry":{"type":"Polygon","coordinates":[[[73.0573922,33.7153188],[73.0575206,33.7153854],[73.0576658,33.7151916],[73.0575374,33.715125],[73.0573922,33.7153188]]]}},{"type":"Feature","id":"osm-way-1385282682","properties":{"id":"osm-way-1385282682","sector":"F-7","height":6,"source":"OpenStreetMap"},"geometry":{"type":"Polygon","coordinates":[[[73.0572098,33.7152429],[73.0573383,33.7153095],[73.0574834,33.7151158],[73.057355,33.7150492],[73.0572098,33.7152429]]]}},{"type":"Feature","id":"osm-way-1385282683","properties":{"id":"osm-way-1385282683","sector":"F-7","height":6,"source":"OpenStreetMap"},"geometry":{"type":"Polygon","coordinates":[[[73.0570543,33.7151381],[73.0571827,33.7152046],[73.0573279,33.7150109],[73.0571995,33.7149443],[73.0570543,33.7151381]]]}},{"type":"Feature","id":"osm-way-1385282684","properties":{"id":"osm-way-1385282684","sector":"F-7","height":6,"source":"OpenStreetMap"},"geometry":{"type":"Polygon","coordinates":[[[73.0568692,33.7150555],[73.0569976,33.7151221],[73.0571428,33.7149283],[73.0570144,33.7148618],[73.0568692,33.7150555]]]}},{"type":"Feature","id":"osm-way-1385282685","properties":{"id":"osm-way-1385282685","sector":"F-7","height":6,"source":"OpenStreetMap"},"geometry":{"type":"Polygon","coordinates":[[[73.0567163,33.7149819],[73.0568447,33.7150485],[73.0569899,33.7148547],[73.0568615,33.7147881],[73.0567163,33.7149819]]]}},{"type":"Feature","id":"osm-way-1385282686","properties":{"id":"osm-way-1385282686","sector":"F-7","height":6,"source":"OpenStreetMap"},"geometry":{"type":"Polygon","coordinates":[[[73.0572206,33.7155285],[73.057349,33.7155951],[73.0574942,33.7154013],[73.0573658,33.7153348],[73.0572206,33.7155285]]]}},{"type":"Feature","id":"osm-way-1385282687","properties":{"id":"osm-way-1385282687","sector":"F-7","height":6,"source":"OpenStreetMap"},"geometry":{"type":"Polygon","coordinates":[[[73.0570623,33.7154571],[73.0571907,33.7155237],[73.0573359,33.7153299],[73.0572075,33.7152634],[73.0570623,33.7154571]]]}},{"type":"Feature","id":"osm-way-1385282688","properties":{"id":"osm-way-1385282688","sector":"F-7","height":6,"source":"OpenStreetMap"},"geometry":{"type":"Polygon","coordinates":[[[73.056896,33.71535],[73.0569104,33.7153575],[73.0570244,33.7154166],[73.0571696,33.7152228],[73.0570412,33.7151563],[73.056896,33.71535]]]}},{"type":"Feature","id":"osm-way-1385282689","properties":{"id":"osm-way-1385282689","sector":"F-7","height":6,"source":"OpenStreetMap"},"geometry":{"type":"Polygon","coordinates":[[[73.0567083,33.7152585],[73.0568367,33.7153251],[73.0569819,33.7151314],[73.0568535,33.7150648],[73.0567083,33.7152585]]]}},{"type":"Feature","id":"osm-way-1385282690","properties":{"id":"osm-way-1385282690","sector":"F-7","height":6,"source":"OpenStreetMap"},"geometry":{"type":"Polygon","coordinates":[[[73.0565634,33.7151883],[73.0566918,33.7152548],[73.056837,33.7150611],[73.0567086,33.7149945],[73.0565634,33.7151883]]]}},{"type":"Feature","id":"osm-way-1385282691","properties":{"id":"osm-way-1385282691","sector":"F-7","height":6,"source":"OpenStreetMap"},"geometry":{"type":"Polygon","coordinates":[[[73.0560511,33.7145792],[73.0561375,33.714464],[73.0559465,33.714365],[73.0558602,33.7144802],[73.055907,33.7145044],[73.0560511,33.7145792]]]}},{"type":"Feature","id":"osm-way-1385282692","properties":{"id":"osm-way-1385282692","sector":"F-7","height":6,"source":"OpenStreetMap"},"geometry":{"type":"Polygon","coordinates":[[[73.056255,33.7146796],[73.056343,33.714562],[73.0562255,33.7145011],[73.0561374,33.7146186],[73.056255,33.7146796]]]}},{"type":"Feature","id":"osm-way-1385282693","properties":{"id":"osm-way-1385282693","sector":"F-7","height":6,"source":"OpenStreetMap"},"geometry":{"type":"Polygon","coordinates":[[[73.0562979,33.7147911],[73.056472,33.7148814],[73.0566466,33.7146483],[73.0564725,33.7145581],[73.0562979,33.7147911]]]}},{"type":"Feature","id":"osm-way-1385282694","properties":{"id":"osm-way-1385282694","sector":"F-7","height":6,"source":"OpenStreetMap"},"geometry":{"type":"Polygon","coordinates":[[[73.056145,33.7149718],[73.0563158,33.7150604],[73.0564105,33.7149339],[73.0562398,33.7148454],[73.056145,33.7149718]]]}},{"type":"Feature","id":"osm-way-1385282695","properties":{"id":"osm-way-1385282695","sector":"F-7","height":6,"source":"OpenStreetMap"},"geometry":{"type":"Polygon","coordinates":[[[73.0560672,33.715099],[73.0562302,33.7151835],[73.0562952,33.7150968],[73.0561322,33.7150123],[73.0560672,33.715099]]]}},{"type":"Feature","id":"osm-way-1385282696","properties":{"id":"osm-way-1385282696","sector":"F-7","height":6,"source":"OpenStreetMap"},"geometry":{"type":"Polygon","coordinates":[[[73.0558687,33.7149607],[73.0560245,33.7150414],[73.0561987,33.714809],[73.0560429,33.7147282],[73.0558687,33.7149607]]]}},{"type":"Feature","id":"osm-way-1385282697","properties":{"id":"osm-way-1385282697","sector":"F-7","height":6,"source":"OpenStreetMap"},"geometry":{"type":"Polygon","coordinates":[[[73.0556354,33.7148536],[73.0557926,33.7149351],[73.0559707,33.7146974],[73.0558135,33.7146159],[73.0556354,33.7148536]]]}},{"type":"Feature","id":"osm-way-1385282698","properties":{"id":"osm-way-1385282698","sector":"F-7","height":6,"source":"OpenStreetMap"},"geometry":{"type":"Polygon","coordinates":[[[73.0555657,33.7148268],[73.055738,33.7145968],[73.0555576,33.7145033],[73.0553853,33.7147333],[73.0555657,33.7148268]]]}},{"type":"Feature","id":"osm-way-1385282699","properties":{"id":"osm-way-1385282699","sector":"F-7","height":6,"source":"OpenStreetMap"},"geometry":{"type":"Polygon","coordinates":[[[73.0556193,33.7144319],[73.0557817,33.7145161],[73.0559044,33.7143525],[73.0559385,33.714307],[73.055776,33.7142228],[73.0557321,33.7142813],[73.0556778,33.7143539],[73.0556193,33.7144319]]]}},{"type":"Feature","id":"osm-way-1385282700","properties":{"id":"osm-way-1385282700","sector":"F-7","height":6,"source":"OpenStreetMap"},"geometry":{"type":"Polygon","coordinates":[[[73.0554262,33.7143114],[73.0555688,33.7143854],[73.0557078,33.7141999],[73.0555652,33.7141259],[73.0554262,33.7143114]]]}},{"type":"Feature","id":"osm-way-1385282701","properties":{"id":"osm-way-1385282701","sector":"F-7","height":6,"source":"OpenStreetMap"},"geometry":{"type":"Polygon","coordinates":[[[73.0552062,33.7146394],[73.0553514,33.7147147],[73.0555549,33.7144431],[73.0554098,33.7143678],[73.0552062,33.7146394]]]}},{"type":"Feature","id":"osm-way-1385282702","properties":{"id":"osm-way-1385282702","sector":"F-7","height":6,"source":"OpenStreetMap"},"geometry":{"type":"Polygon","coordinates":[[[73.0550936,33.7140861],[73.055111,33.7140951],[73.0552135,33.7141483],[73.0552837,33.7140546],[73.0553269,33.7139969],[73.055207,33.7139347],[73.0550936,33.7140861]]]}},{"type":"Feature","id":"osm-way-1385282703","properties":{"id":"osm-way-1385282703","sector":"F-7","height":6,"source":"OpenStreetMap"},"geometry":{"type":"Polygon","coordinates":[[[73.0552492,33.7142244],[73.0553527,33.7142781],[73.0554932,33.7140906],[73.0553897,33.7140369],[73.0552492,33.7142244]]]}},{"type":"Feature","id":"osm-way-1385282704","properties":{"id":"osm-way-1385282704","sector":"F-7","height":6,"source":"OpenStreetMap"},"geometry":{"type":"Polygon","coordinates":[[[73.0549917,33.7145167],[73.0551395,33.7145933],[73.0553457,33.7143181],[73.0551979,33.7142415],[73.0549917,33.7145167]]]}},{"type":"Feature","id":"osm-way-1385282705","properties":{"id":"osm-way-1385282705","sector":"F-7","height":6,"source":"OpenStreetMap"},"geometry":{"type":"Polygon","coordinates":[[[73.0547664,33.7143672],[73.0549375,33.714456],[73.0551043,33.7142334],[73.0549332,33.7141446],[73.0547664,33.7143672]]]}},{"type":"Feature","id":"osm-way-1385282706","properties":{"id":"osm-way-1385282706","sector":"F-7","height":6,"source":"OpenStreetMap"},"geometry":{"type":"Polygon","coordinates":[[[73.0545652,33.7142177],[73.054703,33.7142892],[73.0548334,33.7141151],[73.0546956,33.7140437],[73.0545652,33.7142177]]]}},{"type":"Feature","id":"osm-way-1385282707","properties":{"id":"osm-way-1385282707","sector":"F-7","height":6,"source":"OpenStreetMap"},"geometry":{"type":"Polygon","coordinates":[[[73.0543882,33.7140281],[73.0545563,33.7141152],[73.0546349,33.7140102],[73.0544668,33.7139231],[73.0543882,33.7140281]]]}},{"type":"Feature","id":"osm-way-1385282708","properties":{"id":"osm-way-1385282708","sector":"F-7","height":6,"source":"OpenStreetMap"},"geometry":{"type":"Polygon","coordinates":[[[73.0542755,33.714182],[73.0544142,33.7142539],[73.0544981,33.7141419],[73.0543595,33.71407],[73.0542755,33.714182]]]}},{"type":"Feature","id":"osm-way-1385282709","properties":{"id":"osm-way-1385282709","sector":"F-7","height":6,"source":"OpenStreetMap"},"geometry":{"type":"Polygon","coordinates":[[[73.0540448,33.7140482],[73.0542225,33.7141403],[73.0544069,33.7138942],[73.0542292,33.7138021],[73.0540448,33.7140482]]]}},{"type":"Feature","id":"osm-way-1385282710","properties":{"id":"osm-way-1385282710","sector":"F-7","height":6,"source":"OpenStreetMap"},"geometry":{"type":"Polygon","coordinates":[[[73.0538303,33.7139411],[73.0539962,33.7140271],[73.0541843,33.713776],[73.0540184,33.71369],[73.0538303,33.7139411]]]}},{"type":"Feature","id":"osm-way-1385282711","properties":{"id":"osm-way-1385282711","sector":"F-7","height":6,"source":"OpenStreetMap"},"geometry":{"type":"Polygon","coordinates":[[[73.0533823,33.7137425],[73.0535802,33.7138451],[73.0538276,33.7135149],[73.0536297,33.7134124],[73.0533823,33.7137425]]]}},{"type":"Feature","id":"osm-way-1385282712","properties":{"id":"osm-way-1385282712","sector":"F-7","height":6,"source":"OpenStreetMap"},"geometry":{"type":"Polygon","coordinates":[[[73.0531812,33.7135529],[73.0533722,33.7136519],[73.0535835,33.7133699],[73.0533925,33.7132709],[73.0531812,33.7135529]]]}},{"type":"Feature","id":"osm-way-1385282714","properties":{"id":"osm-way-1385282714","sector":"nearby","height":6,"source":"OpenStreetMap"},"geometry":{"type":"Polygon","coordinates":[[[73.053436,33.7131267],[73.0539009,33.7133678],[73.054018,33.7132115],[73.0535531,33.7129704],[73.053436,33.7131267]]]}},{"type":"Feature","id":"osm-way-1385282727","properties":{"id":"osm-way-1385282727","sector":"nearby","height":6,"source":"OpenStreetMap"},"geometry":{"type":"Polygon","coordinates":[[[73.0530122,33.7142666],[73.0532455,33.7143876],[73.0534896,33.7140618],[73.0532563,33.7139408],[73.0530122,33.7142666]]]}},{"type":"Feature","id":"osm-way-1385282765","properties":{"id":"osm-way-1385282765","sector":"F-7","height":6,"source":"OpenStreetMap"},"geometry":{"type":"Polygon","coordinates":[[[73.0586394,33.7193896],[73.058745,33.7194435],[73.0588684,33.7192761],[73.0587627,33.7192223],[73.0586394,33.7193896]]]}},{"type":"Feature","id":"osm-way-1385282766","properties":{"id":"osm-way-1385282766","sector":"F-7","height":6,"source":"OpenStreetMap"},"geometry":{"type":"Polygon","coordinates":[[[73.0584731,33.7192914],[73.0585787,33.7193453],[73.0587021,33.719178],[73.0585964,33.7191241],[73.0584731,33.7192914]]]}},{"type":"Feature","id":"osm-way-1385282767","properties":{"id":"osm-way-1385282767","sector":"F-7","height":6,"source":"OpenStreetMap"},"geometry":{"type":"Polygon","coordinates":[[[73.0583094,33.7192156],[73.0584151,33.7192695],[73.0585385,33.7191021],[73.0584328,33.7190482],[73.0583094,33.7192156]]]}},{"type":"Feature","id":"osm-way-1385282768","properties":{"id":"osm-way-1385282768","sector":"F-7","height":6,"source":"OpenStreetMap"},"geometry":{"type":"Polygon","coordinates":[[[73.0581458,33.7191241],[73.0582515,33.719178],[73.0583749,33.7190107],[73.0582692,33.7189568],[73.0581458,33.7191241]]]}},{"type":"Feature","id":"osm-way-1385282769","properties":{"id":"osm-way-1385282769","sector":"F-7","height":6,"source":"OpenStreetMap"},"geometry":{"type":"Polygon","coordinates":[[[73.0579608,33.7190282],[73.0580664,33.7190821],[73.0581898,33.7189147],[73.0580841,33.7188608],[73.0579608,33.7190282]]]}},{"type":"Feature","id":"osm-way-1385282770","properties":{"id":"osm-way-1385282770","sector":"F-7","height":6,"source":"OpenStreetMap"},"geometry":{"type":"Polygon","coordinates":[[[73.0578052,33.7189456],[73.0579108,33.7189995],[73.0580342,33.7188322],[73.0579286,33.7187783],[73.0578052,33.7189456]]]}},{"type":"Feature","id":"osm-way-1385282771","properties":{"id":"osm-way-1385282771","sector":"F-7","height":6,"source":"OpenStreetMap"},"geometry":{"type":"Polygon","coordinates":[[[73.0576309,33.7188586],[73.0577365,33.7189125],[73.0578599,33.7187452],[73.0577542,33.7186913],[73.0576309,33.7188586]]]}},{"type":"Feature","id":"osm-way-1385282772","properties":{"id":"osm-way-1385282772","sector":"F-7","height":6,"source":"OpenStreetMap"},"geometry":{"type":"Polygon","coordinates":[[[73.057461,33.7187662],[73.0575667,33.7188201],[73.0576901,33.7186528],[73.0575844,33.7185989],[73.057461,33.7187662]]]}},{"type":"Feature","id":"osm-way-1385282773","properties":{"id":"osm-way-1385282773","sector":"F-7","height":6,"source":"OpenStreetMap"},"geometry":{"type":"Polygon","coordinates":[[[73.057436,33.7184644],[73.0575416,33.7185183],[73.057665,33.7183509],[73.0575594,33.718297],[73.057436,33.7184644]]]}},{"type":"Feature","id":"osm-way-1385282774","properties":{"id":"osm-way-1385282774","sector":"F-7","height":6,"source":"OpenStreetMap"},"geometry":{"type":"Polygon","coordinates":[[[73.0587922,33.7191643],[73.0588979,33.7192181],[73.0590213,33.7190508],[73.0589156,33.7189969],[73.0587922,33.7191643]]]}},{"type":"Feature","id":"osm-way-1385282775","properties":{"id":"osm-way-1385282775","sector":"F-7","height":6,"source":"OpenStreetMap"},"geometry":{"type":"Polygon","coordinates":[[[73.058626,33.7190661],[73.0587316,33.71912],[73.058855,33.7189527],[73.0587493,33.7188988],[73.058626,33.7190661]]]}},{"type":"Feature","id":"osm-way-1385282776","properties":{"id":"osm-way-1385282776","sector":"F-7","height":6,"source":"OpenStreetMap"},"geometry":{"type":"Polygon","coordinates":[[[73.0584623,33.7189902],[73.058568,33.7190441],[73.0586914,33.7188768],[73.0585857,33.7188229],[73.0584623,33.7189902]]]}},{"type":"Feature","id":"osm-way-1385282777","properties":{"id":"osm-way-1385282777","sector":"F-7","height":6,"source":"OpenStreetMap"},"geometry":{"type":"Polygon","coordinates":[[[73.0582987,33.7188988],[73.0584044,33.7189527],[73.0585277,33.7187853],[73.0584221,33.7187314],[73.0582987,33.7188988]]]}},{"type":"Feature","id":"osm-way-1385282778","properties":{"id":"osm-way-1385282778","sector":"F-7","height":6,"source":"OpenStreetMap"},"geometry":{"type":"Polygon","coordinates":[[[73.0581136,33.7188028],[73.0582193,33.7188567],[73.0583427,33.7186894],[73.058237,33.7186355],[73.0581136,33.7188028]]]}},{"type":"Feature","id":"osm-way-1385282779","properties":{"id":"osm-way-1385282779","sector":"F-7","height":6,"source":"OpenStreetMap"},"geometry":{"type":"Polygon","coordinates":[[[73.0579581,33.7187203],[73.0580637,33.7187742],[73.0581871,33.7186069],[73.0580815,33.718553],[73.0579581,33.7187203]]]}},{"type":"Feature","id":"osm-way-1385282780","properties":{"id":"osm-way-1385282780","sector":"F-7","height":6,"source":"OpenStreetMap"},"geometry":{"type":"Polygon","coordinates":[[[73.0577837,33.7186333],[73.0578894,33.7186872],[73.0580128,33.7185198],[73.0579071,33.718466],[73.0577837,33.7186333]]]}},{"type":"Feature","id":"osm-way-1385282781","properties":{"id":"osm-way-1385282781","sector":"F-7","height":6,"source":"OpenStreetMap"},"geometry":{"type":"Polygon","coordinates":[[[73.0576139,33.7185409],[73.0577196,33.7185948],[73.057843,33.7184274],[73.0577373,33.7183735],[73.0576139,33.7185409]]]}},{"type":"Feature","id":"osm-way-1385282782","properties":{"id":"osm-way-1385282782","sector":"F-7","height":6,"source":"OpenStreetMap"},"geometry":{"type":"Polygon","coordinates":[[[73.0551203,33.7164469],[73.0552259,33.7165008],[73.0552836,33.7164225],[73.0553493,33.7163334],[73.0552437,33.7162795],[73.0551667,33.716384],[73.0551203,33.7164469]]]}},{"type":"Feature","id":"osm-way-1385282783","properties":{"id":"osm-way-1385282783","sector":"F-7","height":6,"source":"OpenStreetMap"},"geometry":{"type":"Polygon","coordinates":[[[73.054954,33.7163487],[73.0550596,33.7164026],[73.0551613,33.7162647],[73.055183,33.7162353],[73.0550774,33.7161814],[73.0550539,33.7162133],[73.054954,33.7163487]]]}},{"type":"Feature","id":"osm-way-1385282784","properties":{"id":"osm-way-1385282784","sector":"F-7","height":6,"source":"OpenStreetMap"},"geometry":{"type":"Polygon","coordinates":[[[73.0547904,33.7162729],[73.054896,33.7163267],[73.0550194,33.7161594],[73.0549138,33.7161055],[73.0547904,33.7162729]]]}},{"type":"Feature","id":"osm-way-1385282785","properties":{"id":"osm-way-1385282785","sector":"F-7","height":6,"source":"OpenStreetMap"},"geometry":{"type":"Polygon","coordinates":[[[73.0546268,33.7161814],[73.0547324,33.7162353],[73.0548558,33.7160679],[73.0547502,33.7160141],[73.0546268,33.7161814]]]}},{"type":"Feature","id":"osm-way-1385282786","properties":{"id":"osm-way-1385282786","sector":"F-7","height":6,"source":"OpenStreetMap"},"geometry":{"type":"Polygon","coordinates":[[[73.0544417,33.7160854],[73.0545473,33.7161393],[73.0546707,33.715972],[73.0545651,33.7159181],[73.0544417,33.7160854]]]}},{"type":"Feature","id":"osm-way-1385282787","properties":{"id":"osm-way-1385282787","sector":"F-7","height":6,"source":"OpenStreetMap"},"geometry":{"type":"Polygon","coordinates":[[[73.0542861,33.7160029],[73.0543918,33.7160568],[73.0545152,33.7158895],[73.0544095,33.7158356],[73.0542861,33.7160029]]]}},{"type":"Feature","id":"osm-way-1385282788","properties":{"id":"osm-way-1385282788","sector":"F-7","height":6,"source":"OpenStreetMap"},"geometry":{"type":"Polygon","coordinates":[[[73.0541118,33.7159159],[73.0542174,33.7159698],[73.0543408,33.7158025],[73.0542352,33.7157486],[73.0541118,33.7159159]]]}},{"type":"Feature","id":"osm-way-1385282789","properties":{"id":"osm-way-1385282789","sector":"F-7","height":6,"source":"OpenStreetMap"},"geometry":{"type":"Polygon","coordinates":[[[73.053942,33.7158235],[73.0540476,33.7158774],[73.054171,33.71571],[73.0540654,33.7156561],[73.053942,33.7158235]]]}},{"type":"Feature","id":"osm-way-1385282790","properties":{"id":"osm-way-1385282790","sector":"F-7","height":6,"source":"OpenStreetMap"},"geometry":{"type":"Polygon","coordinates":[[[73.0549764,33.716655],[73.055082,33.7167089],[73.0552054,33.7165416],[73.0550998,33.7164877],[73.0549764,33.716655]]]}},{"type":"Feature","id":"osm-way-1385282791","properties":{"id":"osm-way-1385282791","sector":"F-7","height":6,"source":"OpenStreetMap"},"geometry":{"type":"Polygon","coordinates":[[[73.0548101,33.7165568],[73.0549157,33.7166107],[73.0550391,33.7164434],[73.0549335,33.7163895],[73.0548101,33.7165568]]]}},{"type":"Feature","id":"osm-way-1385282792","properties":{"id":"osm-way-1385282792","sector":"F-7","height":6,"source":"OpenStreetMap"},"geometry":{"type":"Polygon","coordinates":[[[73.0546465,33.716481],[73.0547521,33.7165349],[73.0548755,33.7163676],[73.0547699,33.7163137],[73.0546465,33.716481]]]}},{"type":"Feature","id":"osm-way-1385282793","properties":{"id":"osm-way-1385282793","sector":"F-7","height":6,"source":"OpenStreetMap"},"geometry":{"type":"Polygon","coordinates":[[[73.0544829,33.7163895],[73.0545885,33.7164434],[73.0547119,33.7162761],[73.0546062,33.7162222],[73.0544829,33.7163895]]]}},{"type":"Feature","id":"osm-way-1385282794","properties":{"id":"osm-way-1385282794","sector":"F-7","height":6,"source":"OpenStreetMap"},"geometry":{"type":"Polygon","coordinates":[[[73.0542978,33.7162936],[73.0544034,33.7163475],[73.0544476,33.7162876],[73.0544883,33.7162323],[73.0545268,33.7161801],[73.0544212,33.7161263],[73.0542978,33.7162936]]]}},{"type":"Feature","id":"osm-way-1385282795","properties":{"id":"osm-way-1385282795","sector":"F-7","height":6,"source":"OpenStreetMap"},"geometry":{"type":"Polygon","coordinates":[[[73.0541422,33.716211],[73.0542479,33.7162649],[73.0543712,33.7160976],[73.0542656,33.7160437],[73.0541422,33.716211]]]}},{"type":"Feature","id":"osm-way-1385282796","properties":{"id":"osm-way-1385282796","sector":"F-7","height":6,"source":"OpenStreetMap"},"geometry":{"type":"Polygon","coordinates":[[[73.0539679,33.716124],[73.0540735,33.7161779],[73.0541969,33.7160106],[73.0540913,33.7159567],[73.0539679,33.716124]]]}},{"type":"Feature","id":"osm-way-1385282797","properties":{"id":"osm-way-1385282797","sector":"F-7","height":6,"source":"OpenStreetMap"},"geometry":{"type":"Polygon","coordinates":[[[73.0537981,33.7160316],[73.0539037,33.7160855],[73.0540271,33.7159182],[73.0539215,33.7158643],[73.0537981,33.7160316]]]}},{"type":"Feature","id":"osm-way-1385282798","properties":{"id":"osm-way-1385282798","sector":"F-7","height":6,"source":"OpenStreetMap"},"geometry":{"type":"Polygon","coordinates":[[[73.0534628,33.7164153],[73.0536299,33.7164975],[73.0537739,33.7162949],[73.0536069,33.7162127],[73.0534628,33.7164153]]]}},{"type":"Feature","id":"osm-way-1385282799","properties":{"id":"osm-way-1385282799","sector":"F-7","height":6,"source":"OpenStreetMap"},"geometry":{"type":"Polygon","coordinates":[[[73.0536586,33.7165046],[73.0538257,33.7165868],[73.0539697,33.7163841],[73.0538027,33.7163019],[73.0536586,33.7165046]]]}},{"type":"Feature","id":"osm-way-1385282800","properties":{"id":"osm-way-1385282800","sector":"F-7","height":6,"source":"OpenStreetMap"},"geometry":{"type":"Polygon","coordinates":[[[73.0538356,33.7165916],[73.0540027,33.7166738],[73.0541468,33.7164711],[73.0539797,33.7163889],[73.0538356,33.7165916]]]}},{"type":"Feature","id":"osm-way-1385282801","properties":{"id":"osm-way-1385282801","sector":"F-7","height":6,"source":"OpenStreetMap"},"geometry":{"type":"Polygon","coordinates":[[[73.0539912,33.7166608],[73.0541582,33.7167429],[73.0543023,33.7165403],[73.0541353,33.7164581],[73.0539912,33.7166608]]]}},{"type":"Feature","id":"osm-way-1385282802","properties":{"id":"osm-way-1385282802","sector":"F-7","height":6,"source":"OpenStreetMap"},"geometry":{"type":"Polygon","coordinates":[[[73.0541548,33.7167522],[73.0543219,33.7168344],[73.0544659,33.7166318],[73.0542989,33.7165496],[73.0541548,33.7167522]]]}},{"type":"Feature","id":"osm-way-1385282803","properties":{"id":"osm-way-1385282803","sector":"F-7","height":6,"source":"OpenStreetMap"},"geometry":{"type":"Polygon","coordinates":[[[73.0543157,33.7168482],[73.0544828,33.7169303],[73.0546269,33.7167277],[73.0544598,33.7166455],[73.0543157,33.7168482]]]}},{"type":"Feature","id":"osm-way-1385282804","properties":{"id":"osm-way-1385282804","sector":"F-7","height":6,"source":"OpenStreetMap"},"geometry":{"type":"Polygon","coordinates":[[[73.0544874,33.7169396],[73.0546545,33.7170218],[73.0547985,33.7168192],[73.0546315,33.716737],[73.0544874,33.7169396]]]}},{"type":"Feature","id":"osm-way-1385282805","properties":{"id":"osm-way-1385282805","sector":"F-7","height":6,"source":"OpenStreetMap"},"geometry":{"type":"Polygon","coordinates":[[[73.0546698,33.7170222],[73.0548368,33.7171044],[73.0549809,33.7169017],[73.0548139,33.7168195],[73.0546698,33.7170222]]]}},{"type":"Feature","id":"osm-way-1385282806","properties":{"id":"osm-way-1385282806","sector":"F-7","height":6,"source":"OpenStreetMap"},"geometry":{"type":"Polygon","coordinates":[[[73.0545035,33.7172431],[73.0546705,33.7173252],[73.0548146,33.7171226],[73.0546476,33.7170404],[73.0545035,33.7172431]]]}},{"type":"Feature","id":"osm-way-1385282807","properties":{"id":"osm-way-1385282807","sector":"F-7","height":6,"source":"OpenStreetMap"},"geometry":{"type":"Polygon","coordinates":[[[73.0543265,33.7171494],[73.0544935,33.7172315],[73.0546376,33.7170289],[73.0544706,33.7169467],[73.0543265,33.7171494]]]}},{"type":"Feature","id":"osm-way-1385282808","properties":{"id":"osm-way-1385282808","sector":"F-7","height":6,"source":"OpenStreetMap"},"geometry":{"type":"Polygon","coordinates":[[[73.0541468,33.7170646],[73.0543138,33.7171468],[73.0544579,33.7169441],[73.0542908,33.7168619],[73.0541468,33.7170646]]]}},{"type":"Feature","id":"osm-way-1385282809","properties":{"id":"osm-way-1385282809","sector":"F-7","height":6,"source":"OpenStreetMap"},"geometry":{"type":"Polygon","coordinates":[[[73.0539805,33.7169709],[73.0541475,33.7170531],[73.0542916,33.7168504],[73.0541246,33.7167682],[73.0539805,33.7169709]]]}},{"type":"Feature","id":"osm-way-1385282810","properties":{"id":"osm-way-1385282810","sector":"F-7","height":6,"source":"OpenStreetMap"},"geometry":{"type":"Polygon","coordinates":[[[73.0538088,33.7168883],[73.0539759,33.7169705],[73.0541199,33.7167679],[73.0539529,33.7166857],[73.0538088,33.7168883]]]}},{"type":"Feature","id":"osm-way-1385282811","properties":{"id":"osm-way-1385282811","sector":"F-7","height":6,"source":"OpenStreetMap"},"geometry":{"type":"Polygon","coordinates":[[[73.0536425,33.7167991],[73.0538096,33.7168813],[73.0539536,33.7166786],[73.0537866,33.7165964],[73.0536425,33.7167991]]]}},{"type":"Feature","id":"osm-way-1385282812","properties":{"id":"osm-way-1385282812","sector":"F-7","height":6,"source":"OpenStreetMap"},"geometry":{"type":"Polygon","coordinates":[[[73.0534843,33.7167277],[73.0536513,33.7168099],[73.0537954,33.7166072],[73.0536283,33.716525],[73.0534843,33.7167277]]]}},{"type":"Feature","id":"osm-way-1385282813","properties":{"id":"osm-way-1385282813","sector":"F-7","height":6,"source":"OpenStreetMap"},"geometry":{"type":"Polygon","coordinates":[[[73.0532938,33.716634],[73.0534609,33.7167162],[73.053605,33.7165135],[73.0534379,33.7164313],[73.0532938,33.716634]]]}},{"type":"Feature","id":"osm-way-1385282814","properties":{"id":"osm-way-1385282814","sector":"nearby","height":6,"source":"OpenStreetMap"},"geometry":{"type":"Polygon","coordinates":[[[73.0530524,33.7170043],[73.0532195,33.7170865],[73.0533636,33.7168839],[73.0531965,33.7168017],[73.0530524,33.7170043]]]}},{"type":"Feature","id":"osm-way-1385282816","properties":{"id":"osm-way-1385282816","sector":"F-7","height":6,"source":"OpenStreetMap"},"geometry":{"type":"Polygon","coordinates":[[[73.0532724,33.7171962],[73.0534394,33.7172784],[73.0535835,33.7170757],[73.0534164,33.7169936],[73.0532724,33.7171962]]]}},{"type":"Feature","id":"osm-way-1385282817","properties":{"id":"osm-way-1385282817","sector":"nearby","height":6,"source":"OpenStreetMap"},"geometry":{"type":"Polygon","coordinates":[[[73.0530766,33.7174015],[73.0532436,33.7174836],[73.0533877,33.717281],[73.0532206,33.7171988],[73.0530766,33.7174015]]]}},{"type":"Feature","id":"osm-way-1385282818","properties":{"id":"osm-way-1385282818","sector":"F-7","height":6,"source":"OpenStreetMap"},"geometry":{"type":"Polygon","coordinates":[[[73.0535138,33.7172631],[73.0536808,33.7173453],[73.0538249,33.7171427],[73.0536578,33.7170605],[73.0535138,33.7172631]]]}},{"type":"Feature","id":"osm-way-1385282819","properties":{"id":"osm-way-1385282819","sector":"F-7","height":6,"source":"OpenStreetMap"},"geometry":{"type":"Polygon","coordinates":[[[73.0535272,33.7176357],[73.0536942,33.7177179],[73.0538383,33.7175152],[73.0536713,33.7174331],[73.0535272,33.7176357]]]}},{"type":"Feature","id":"osm-way-1385282820","properties":{"id":"osm-way-1385282820","sector":"F-7","height":6,"source":"OpenStreetMap"},"geometry":{"type":"Polygon","coordinates":[[[73.0537122,33.7173925],[73.0538793,33.7174747],[73.0540234,33.7172721],[73.0538563,33.7171899],[73.0537122,33.7173925]]]}},{"type":"Feature","id":"osm-way-1385282821","properties":{"id":"osm-way-1385282821","sector":"F-7","height":6,"source":"OpenStreetMap"},"geometry":{"type":"Polygon","coordinates":[[[73.0541575,33.7176134],[73.0543245,33.7176956],[73.0544686,33.7174929],[73.0543016,33.7174108],[73.0541575,33.7176134]]]}},{"type":"Feature","id":"osm-way-1385282822","properties":{"id":"osm-way-1385282822","sector":"F-7","height":6,"source":"OpenStreetMap"},"geometry":{"type":"Polygon","coordinates":[[[73.0539402,33.7175108],[73.0541073,33.717593],[73.0542514,33.7173903],[73.0540843,33.7173081],[73.0539402,33.7175108]]]}},{"type":"Feature","id":"osm-way-1385282823","properties":{"id":"osm-way-1385282823","sector":"F-7","height":6,"source":"OpenStreetMap"},"geometry":{"type":"Polygon","coordinates":[[[73.0537149,33.7177406],[73.053882,33.7178228],[73.0540261,33.7176201],[73.053859,33.7175379],[73.0537149,33.7177406]]]}},{"type":"Feature","id":"osm-way-1385282824","properties":{"id":"osm-way-1385282824","sector":"F-7","height":6,"source":"OpenStreetMap"},"geometry":{"type":"Polygon","coordinates":[[[73.0539617,33.7178521],[73.0541287,33.7179343],[73.0542728,33.7177317],[73.0541058,33.7176495],[73.0539617,33.7178521]]]}},{"type":"Feature","id":"osm-way-1385282825","properties":{"id":"osm-way-1385282825","sector":"F-7","height":6,"source":"OpenStreetMap"},"geometry":{"type":"Polygon","coordinates":[[[73.0549917,33.717223],[73.0551587,33.7173052],[73.0553028,33.7171025],[73.0551357,33.7170203],[73.0549917,33.717223]]]}},{"type":"Feature","id":"osm-way-1385282826","properties":{"id":"osm-way-1385282826","sector":"F-7","height":6,"source":"OpenStreetMap"},"geometry":{"type":"Polygon","coordinates":[[[73.0551499,33.7173055],[73.055317,33.7173877],[73.055461,33.7171851],[73.055294,33.7171029],[73.0551499,33.7173055]]]}},{"type":"Feature","id":"osm-way-1385282827","properties":{"id":"osm-way-1385282827","sector":"F-7","height":6,"source":"OpenStreetMap"},"geometry":{"type":"Polygon","coordinates":[[[73.0553243,33.7173635],[73.0554913,33.7174457],[73.0556354,33.7172431],[73.0554683,33.7171609],[73.0553243,33.7173635]]]}},{"type":"Feature","id":"osm-way-1385282828","properties":{"id":"osm-way-1385282828","sector":"F-7","height":6,"source":"OpenStreetMap"},"geometry":{"type":"Polygon","coordinates":[[[73.0554862,33.7174777],[73.0556533,33.7175599],[73.0557973,33.7173572],[73.0556303,33.7172751],[73.0554862,33.7174777]]]}},{"type":"Feature","id":"osm-way-1385282829","properties":{"id":"osm-way-1385282829","sector":"F-7","height":6,"source":"OpenStreetMap"},"geometry":{"type":"Polygon","coordinates":[[[73.0556508,33.7175691],[73.0558179,33.7176513],[73.055962,33.7174487],[73.0557949,33.7173665],[73.0556508,33.7175691]]]}},{"type":"Feature","id":"osm-way-1385282830","properties":{"id":"osm-way-1385282830","sector":"F-7","height":6,"source":"OpenStreetMap"},"geometry":{"type":"Polygon","coordinates":[[[73.0558205,33.7176536],[73.0559875,33.7177357],[73.0561316,33.7175331],[73.0559645,33.7174509],[73.0558205,33.7176536]]]}},{"type":"Feature","id":"osm-way-1385282831","properties":{"id":"osm-way-1385282831","sector":"F-7","height":6,"source":"OpenStreetMap"},"geometry":{"type":"Polygon","coordinates":[[[73.0559921,33.7177428],[73.0561592,33.717825],[73.0562267,33.71773],[73.0562587,33.717685],[73.0563033,33.7176223],[73.0561362,33.7175402],[73.056029,33.7176909],[73.0559921,33.7177428]]]}},{"type":"Feature","id":"osm-way-1385282832","properties":{"id":"osm-way-1385282832","sector":"F-7","height":6,"source":"OpenStreetMap"},"geometry":{"type":"Polygon","coordinates":[[[73.0561906,33.7178053],[73.0563577,33.7178875],[73.0565017,33.7176848],[73.0563347,33.7176026],[73.0561906,33.7178053]]]}},{"type":"Feature","id":"osm-way-1385282833","properties":{"id":"osm-way-1385282833","sector":"F-7","height":6,"source":"OpenStreetMap"},"geometry":{"type":"Polygon","coordinates":[[[73.0563407,33.7179239],[73.0565077,33.7180061],[73.0566518,33.7178034],[73.0564848,33.7177212],[73.0563407,33.7179239]]]}},{"type":"Feature","id":"osm-way-1385282834","properties":{"id":"osm-way-1385282834","sector":"F-7","height":6,"source":"OpenStreetMap"},"geometry":{"type":"Polygon","coordinates":[[[73.0565152,33.718015],[73.0566822,33.7180972],[73.0568263,33.7178945],[73.0566592,33.7178123],[73.0565152,33.718015]]]}},{"type":"Feature","id":"osm-way-1385282835","properties":{"id":"osm-way-1385282835","sector":"F-7","height":6,"source":"OpenStreetMap"},"geometry":{"type":"Polygon","coordinates":[[[73.0566868,33.7181198],[73.0568539,33.718202],[73.056998,33.7179994],[73.0568309,33.7179172],[73.0566868,33.7181198]]]}},{"type":"Feature","id":"osm-way-1385282836","properties":{"id":"osm-way-1385282836","sector":"F-7","height":6,"source":"OpenStreetMap"},"geometry":{"type":"Polygon","coordinates":[[[73.0563588,33.71824],[73.0565258,33.7183221],[73.0566699,33.7181195],[73.0565029,33.7180373],[73.0563588,33.71824]]]}},{"type":"Feature","id":"osm-way-1385282837","properties":{"id":"osm-way-1385282837","sector":"F-7","height":6,"source":"OpenStreetMap"},"geometry":{"type":"Polygon","coordinates":[[[73.0561921,33.7181555],[73.0563592,33.7182377],[73.0565033,33.7180351],[73.0563362,33.7179529],[73.0561921,33.7181555]]]}},{"type":"Feature","id":"osm-way-1385282838","properties":{"id":"osm-way-1385282838","sector":"F-7","height":6,"source":"OpenStreetMap"},"geometry":{"type":"Polygon","coordinates":[[[73.0560282,33.718053],[73.0561952,33.7181351],[73.0563393,33.7179325],[73.0561723,33.7178503],[73.0560282,33.718053]]]}},{"type":"Feature","id":"osm-way-1385282839","properties":{"id":"osm-way-1385282839","sector":"F-7","height":6,"source":"OpenStreetMap"},"geometry":{"type":"Polygon","coordinates":[[[73.0558573,33.717963],[73.0560244,33.7180452],[73.0561685,33.7178425],[73.0560014,33.7177603],[73.0558573,33.717963]]]}},{"type":"Feature","id":"osm-way-1385282840","properties":{"id":"osm-way-1385282840","sector":"F-7","height":6,"source":"OpenStreetMap"},"geometry":{"type":"Polygon","coordinates":[[[73.0556891,33.7178766],[73.0558535,33.7179584],[73.0559962,33.7177599],[73.0558318,33.7176781],[73.0556891,33.7178766]]]}},{"type":"Feature","id":"osm-way-1385282841","properties":{"id":"osm-way-1385282841","sector":"F-7","height":6,"source":"OpenStreetMap"},"geometry":{"type":"Polygon","coordinates":[[[73.0555264,33.71779],[73.0556779,33.7178655],[73.0557185,33.7178091],[73.0558014,33.7176939],[73.0558212,33.7176664],[73.0556698,33.717591],[73.0555264,33.71779]]]}},{"type":"Feature","id":"osm-way-1385282842","properties":{"id":"osm-way-1385282842","sector":"F-7","height":6,"source":"OpenStreetMap"},"geometry":{"type":"Polygon","coordinates":[[[73.0553454,33.7177046],[73.0555125,33.7177868],[73.0556566,33.7175842],[73.0554895,33.717502],[73.055456,33.7175492],[73.055372,33.7176671],[73.0553454,33.7177046]]]}},{"type":"Feature","id":"osm-way-1385282843","properties":{"id":"osm-way-1385282843","sector":"F-7","height":6,"source":"OpenStreetMap"},"geometry":{"type":"Polygon","coordinates":[[[73.0551794,33.7176089],[73.0553465,33.7176911],[73.0554906,33.7174885],[73.0553235,33.7174063],[73.0551996,33.7175805],[73.0551794,33.7176089]]]}},{"type":"Feature","id":"osm-way-1385282844","properties":{"id":"osm-way-1385282844","sector":"F-7","height":6,"source":"OpenStreetMap"},"geometry":{"type":"Polygon","coordinates":[[[73.0549997,33.7175197],[73.0551668,33.7176019],[73.0551786,33.7175853],[73.0552923,33.7174252],[73.0553108,33.7173992],[73.0551438,33.7173171],[73.0549997,33.7175197]]]}},{"type":"Feature","id":"osm-way-1385282845","properties":{"id":"osm-way-1385282845","sector":"F-7","height":6,"source":"OpenStreetMap"},"geometry":{"type":"Polygon","coordinates":[[[73.0548361,33.7174372],[73.0550031,33.7175193],[73.0550901,33.717397],[73.0551472,33.7173167],[73.0549802,33.7172345],[73.0548361,33.7174372]]]}},{"type":"Feature","id":"osm-way-1385282846","properties":{"id":"osm-way-1385282846","sector":"F-7","height":6,"source":"OpenStreetMap"},"geometry":{"type":"Polygon","coordinates":[[[73.0545813,33.7178254],[73.0547483,33.7179075],[73.0548924,33.7177049],[73.0547254,33.7176227],[73.0545813,33.7178254]]]}},{"type":"Feature","id":"osm-way-1385282847","properties":{"id":"osm-way-1385282847","sector":"F-7","height":6,"source":"OpenStreetMap"},"geometry":{"type":"Polygon","coordinates":[[[73.0548361,33.7179614],[73.0550031,33.7180436],[73.0551472,33.717841],[73.0549802,33.7177588],[73.0548361,33.7179614]]]}},{"type":"Feature","id":"osm-way-1385282848","properties":{"id":"osm-way-1385282848","sector":"F-7","height":6,"source":"OpenStreetMap"},"geometry":{"type":"Polygon","coordinates":[[[73.0552572,33.7181845],[73.0554243,33.7182667],[73.0555683,33.7180641],[73.0554013,33.7179819],[73.0552572,33.7181845]]]}},{"type":"Feature","id":"osm-way-1385282849","properties":{"id":"osm-way-1385282849","sector":"F-7","height":6,"source":"OpenStreetMap"},"geometry":{"type":"Polygon","coordinates":[[[73.0550024,33.7180685],[73.0551694,33.7181507],[73.0553135,33.7179481],[73.0551465,33.7178659],[73.0550024,33.7180685]]]}},{"type":"Feature","id":"osm-way-1385282850","properties":{"id":"osm-way-1385282850","sector":"F-7","height":6,"source":"OpenStreetMap"},"geometry":{"type":"Polygon","coordinates":[[[73.055461,33.7183229],[73.0556281,33.718405],[73.0557722,33.7182024],[73.0556051,33.7181202],[73.055461,33.7183229]]]}},{"type":"Feature","id":"osm-way-1385282851","properties":{"id":"osm-way-1385282851","sector":"F-7","height":6,"source":"OpenStreetMap"},"geometry":{"type":"Polygon","coordinates":[[[73.0556917,33.7184233],[73.0558588,33.7185054],[73.0558988,33.7184492],[73.0559544,33.718371],[73.0560029,33.7183028],[73.0558358,33.7182206],[73.0556917,33.7184233]]]}},{"type":"Feature","id":"osm-way-1385282852","properties":{"id":"osm-way-1385282852","sector":"F-7","height":6,"source":"OpenStreetMap"},"geometry":{"type":"Polygon","coordinates":[[[73.0559224,33.7185348],[73.0560894,33.718617],[73.0562335,33.7184143],[73.0560665,33.7183322],[73.0559224,33.7185348]]]}},{"type":"Feature","id":"osm-way-1385282853","properties":{"id":"osm-way-1385282853","sector":"F-7","height":6,"source":"OpenStreetMap"},"geometry":{"type":"Polygon","coordinates":[[[73.0561638,33.7186709],[73.0562588,33.7187176],[73.0563308,33.7187531],[73.0564749,33.7185504],[73.0563079,33.7184683],[73.0561638,33.7186709]]]}},{"type":"Feature","id":"osm-way-1385282854","properties":{"id":"osm-way-1385282854","sector":"F-7","height":6,"source":"OpenStreetMap"},"geometry":{"type":"Polygon","coordinates":[[[73.0562121,33.7190591],[73.0563791,33.7191413],[73.0565232,33.7189386],[73.0563561,33.7188565],[73.0562121,33.7190591]]]}},{"type":"Feature","id":"osm-way-1385282855","properties":{"id":"osm-way-1385282855","sector":"F-7","height":6,"source":"OpenStreetMap"},"geometry":{"type":"Polygon","coordinates":[[[73.055976,33.7189364],[73.0561431,33.7190186],[73.05622,33.7189104],[73.0562872,33.7188159],[73.0561809,33.7187636],[73.0561201,33.7187337],[73.055976,33.7189364]]]}},{"type":"Feature","id":"osm-way-1385282856","properties":{"id":"osm-way-1385282856","sector":"F-7","height":6,"source":"OpenStreetMap"},"geometry":{"type":"Polygon","coordinates":[[[73.0557266,33.7187825],[73.0558936,33.7188646],[73.0559224,33.7188241],[73.0559981,33.7187177],[73.0560377,33.718662],[73.0558707,33.7185798],[73.0557266,33.7187825]]]}},{"type":"Feature","id":"osm-way-1385282857","properties":{"id":"osm-way-1385282857","sector":"F-7","height":6,"source":"OpenStreetMap"},"geometry":{"type":"Polygon","coordinates":[[[73.0555281,33.7186754],[73.0556952,33.7187575],[73.0558392,33.7185549],[73.0556722,33.7184727],[73.0555281,33.7186754]]]}},{"type":"Feature","id":"osm-way-1385282858","properties":{"id":"osm-way-1385282858","sector":"F-7","height":6,"source":"OpenStreetMap"},"geometry":{"type":"Polygon","coordinates":[[[73.0550426,33.7184545],[73.0552097,33.7185367],[73.0553538,33.718334],[73.0551867,33.7182519],[73.0551596,33.71829],[73.0550813,33.7184001],[73.0550426,33.7184545]]]}},{"type":"Feature","id":"osm-way-1385282859","properties":{"id":"osm-way-1385282859","sector":"F-7","height":6,"source":"OpenStreetMap"},"geometry":{"type":"Polygon","coordinates":[[[73.0548522,33.7183363],[73.0550192,33.7184184],[73.0551633,33.7182158],[73.0549963,33.7181336],[73.0548522,33.7183363]]]}},{"type":"Feature","id":"osm-way-1385282860","properties":{"id":"osm-way-1385282860","sector":"F-7","height":6,"source":"OpenStreetMap"},"geometry":{"type":"Polygon","coordinates":[[[73.0545974,33.7182091],[73.0547644,33.7182913],[73.0549085,33.7180886],[73.0547415,33.7180064],[73.0545974,33.7182091]]]}},{"type":"Feature","id":"osm-way-1385282861","properties":{"id":"osm-way-1385282861","sector":"F-7","height":6,"source":"OpenStreetMap"},"geometry":{"type":"Polygon","coordinates":[[[73.0543962,33.7180931],[73.0545633,33.7181753],[73.0547073,33.7179726],[73.0545403,33.7178904],[73.0543962,33.7180931]]]}},{"type":"Feature","id":"osm-way-1385283424","properties":{"id":"osm-way-1385283424","sector":"nearby","height":6,"source":"OpenStreetMap"},"geometry":{"type":"Polygon","coordinates":[[[73.0530913,33.7204376],[73.0532522,33.7205117],[73.0533756,33.7203266],[73.0533089,33.7202958],[73.0532147,33.7202524],[73.0531287,33.7203814],[73.0530913,33.7204376]]]}},{"type":"Feature","id":"osm-way-1385747961","properties":{"id":"osm-way-1385747961","sector":"F-7","height":6,"source":"OpenStreetMap"},"geometry":{"type":"Polygon","coordinates":[[[73.0553388,33.7185961],[73.0554895,33.7184013],[73.0555961,33.7184584],[73.0554454,33.7186531],[73.0553388,33.7185961]]]}},{"type":"Feature","id":"osm-way-1385747962","properties":{"id":"osm-way-1385747962","sector":"F-7","height":6,"source":"OpenStreetMap"},"geometry":{"type":"Polygon","coordinates":[[[73.056542,33.7183314],[73.0566487,33.7181999],[73.0567708,33.7182684],[73.0566641,33.7183999],[73.056542,33.7183314]]]}},{"type":"Feature","id":"osm-way-1385747963","properties":{"id":"osm-way-1385747963","sector":"F-7","height":6,"source":"OpenStreetMap"},"geometry":{"type":"Polygon","coordinates":[[[73.0598146,33.7145061],[73.0599145,33.7143702],[73.0601041,33.7144667],[73.0600042,33.7146026],[73.0598146,33.7145061]]]}},{"type":"Feature","id":"osm-way-1385747964","properties":{"id":"osm-way-1385747964","sector":"F-7","height":6,"source":"OpenStreetMap"},"geometry":{"type":"Polygon","coordinates":[[[73.059984,33.7157918],[73.0601428,33.715582],[73.0603101,33.7156695],[73.0601512,33.7158794],[73.059984,33.7157918]]]}},{"type":"Feature","id":"osm-way-1385747965","properties":{"id":"osm-way-1385747965","sector":"F-7","height":6,"source":"OpenStreetMap"},"geometry":{"type":"Polygon","coordinates":[[[73.057204,33.7187143],[73.0573454,33.7185186],[73.0574128,33.7185523],[73.0574265,33.7185333],[73.0574808,33.7185604],[73.0573257,33.7187751],[73.057204,33.7187143]]]}},{"type":"Feature","id":"osm-way-1547250346","properties":{"id":"osm-way-1547250346","sector":"G-11","height":6,"source":"OpenStreetMap"},"geometry":{"type":"Polygon","coordinates":[[[73.0025498,33.6705054],[73.0026215,33.6704183],[73.0023774,33.6702783],[73.0023077,33.6703709],[73.0025498,33.6705054]]]}}]}
